;Academia_x;Acesso Wi-Fi nos quartos_x;Acesso direto à praia_x;Animais permitidos_x;Ar condicionado_x;Banheiro com banheira_x;Banheiro com ducha_x;Bar na beira da Piscina_x;Bar no hotel_x;Cabeleireiro_x;Canais de TV via satélite_x;Centro financeiro_x;Check-in / out Expresso_x;Cofre na recepção_x;Cofre no quarto_x;Concierge_x;Cozinha quitinete_x;Elevador_x;Espelho de aumento_x;Estacionamento_x;Ferro e tábua de passar_x;Geladeira_x;Guarda-sol_x;Internet_x;Lavanderia_x;Loja de conveniência_x;Mesa de trabalho_x;Microondas_x;Nome;PC com Internet_x;Piscina exterior_x;Piscina interna_x;Quarto para não-fumantes_x;Recepção 24 horas_x;Restaurante_x;Sala de conferências_x;Secador_x;Serviço de portaria_x;Serviço de quarto_x;Serviço de quarto 24 horas_x;Spa_x;TV LCD_x;TV a cabo_x;Telefone_x;Terraço_x;Transfer de/ para aeroporto_x;Varanda / Terraço_x;Wi-Fi grátis no lobby_x;Wi-Fi grátis nos quartos_x;cafe_da_manha;comida;conforto;custo-beneficio;facilidades;limpeza;localizacao;predio;quartos;servico;Academia_y;Acesso direto à praia_y;Animais permitidos_y;Bar na beira da Piscina_y;Bar no hotel_y;Cabeleireiro_y;Centro financeiro_y;Check-in / out Expresso_y;Cofre na recepção_y;Concierge_y;Elevador_y;Estacionamento_y;Guarda-sol_y;Lavanderia_y;Loja de conveniência_y;PC com Internet_y;Piscina exterior_y;Piscina interna_y;Quarto para não-fumantes_y;Recepção 24 horas_y;Restaurante_y;Sala de conferências_y;Serviço de portaria_y;Serviço de quarto_y;Serviço de quarto 24 horas_y;Spa_y;Terraço_y;Transfer de/ para aeroporto_y;Wi-Fi grátis no lobby_y;Acesso Wi-Fi nos quartos_y;Ar condicionado_y;Banheiro com banheira_y;Banheiro com ducha_y;Canais de TV via satélite_y;Cofre no quarto_y;Cozinha quitinete_y;Espelho de aumento_y;Ferro e tábua de passar_y;Geladeira_y;Internet_y;Mesa de trabalho_y;Microondas_y;Secador_y;Telefone_y;TV a cabo_y;TV LCD_y;Varanda / Terraço_y;Wi-Fi grátis nos quartos_y;Academia_x;Acesso direto à praia_x;Animais permitidos_x;Bar na beira da Piscina_x;Bar no hotel_x;Cabeleireiro_x;Centro financeiro_x;Check-in / out Expresso_x;Cofre na recepção_x;Concierge_x;Elevador_x;Estacionamento_x;Guarda-sol_x;Lavanderia_x;Loja de conveniência_x;PC com Internet_x;Piscina exterior_x;Piscina interna_x;Quarto para não-fumantes_x;Recepção 24 horas_x;Restaurante_x;Sala de conferências_x;Serviço de portaria_x;Serviço de quarto_x;Serviço de quarto 24 horas_x;Spa_x;Terraço_x;Transfer de/ para aeroporto_x;Wi-Fi grátis no lobby_x;Acesso Wi-Fi nos quartos_x;Ar condicionado_x;Banheiro com banheira_x;Banheiro com ducha_x;Canais de TV via satélite_x;Cofre no quarto_x;Cozinha quitinete_x;Espelho de aumento_x;Ferro e tábua de passar_x;Geladeira_x;Internet_x;Mesa de trabalho_x;Microondas_x;Secador_x;Telefone_x;TV a cabo_x;TV LCD_x;Varanda / Terraço_x;Wi-Fi grátis nos quartos_x;Academia_y;Acesso direto à praia_y;Animais permitidos_y;Bar na beira da Piscina_y;Bar no hotel_y;Cabeleireiro_y;Centro financeiro_y;Check-in / out Expresso_y;Cofre na recepção_y;Concierge_y;Elevador_y;Estacionamento_y;Guarda-sol_y;Lavanderia_y;Loja de conveniência_y;PC com Internet_y;Piscina exterior_y;Piscina interna_y;Quarto para não-fumantes_y;Recepção 24 horas_y;Restaurante_y;Sala de conferências_y;Serviço de portaria_y;Serviço de quarto_y;Serviço de quarto 24 horas_y;Spa_y;Terraço_y;Transfer de/ para aeroporto_y;Wi-Fi grátis no lobby_y;Acesso Wi-Fi nos quartos_y;Ar condicionado_y;Banheiro com banheira_y;Banheiro com ducha_y;Canais de TV via satélite_y;Cofre no quarto_y;Cozinha quitinete_y;Espelho de aumento_y;Ferro e tábua de passar_y;Geladeira_y;Internet_y;Mesa de trabalho_y;Microondas_y;Secador_y;Telefone_y;TV a cabo_y;TV LCD_y;Varanda / Terraço_y;Wi-Fi grátis nos quartos_y;Academia;Acesso direto à praia;Animais permitidos;Bar na beira da Piscina;Bar no hotel;Cabeleireiro;Centro financeiro;Check-in / out Expresso;Cofre na recepção;Concierge;Elevador;Estacionamento;Guarda-sol;Lavanderia;Loja de conveniência;PC com Internet;Piscina exterior;Piscina interna;Quarto para não-fumantes;Recepção 24 horas;Restaurante;Sala de conferências;Serviço de portaria;Serviço de quarto;Serviço de quarto 24 horas;Spa;Terraço;Transfer de/ para aeroporto;Wi-Fi grátis no lobby;Acesso Wi-Fi nos quartos;Ar condicionado;Banheiro com banheira;Banheiro com ducha;Canais de TV via satélite;Cofre no quarto;Cozinha quitinete;Espelho de aumento;Ferro e tábua de passar;Geladeira;Internet;Mesa de trabalho;Microondas;Secador;Telefone;TV a cabo;TV LCD;Varanda / Terraço;Wi-Fi grátis nos quartos
0;1;1;0;0;1;0;0;0;1;0;0;0;0;0;1;0;0;1;0;1;1;0;1;1;1;0;1;0;Radisson Recife;0;1;0;1;1;1;1;1;0;1;1;0;1;1;1;1;0;0;1;1;;;;;;;;;;;1;0;0;0;1;0;0;0;0;0;1;1;1;1;0;0;1;0;1;1;1;1;0;1;1;0;1;0;1;1;1;0;0;0;1;0;0;1;0;1;1;0;1;1;1;1;0;1;1;0;0;0;1;0;0;0;0;0;1;1;1;1;0;0;1;0;1;1;1;1;0;1;1;0;1;0;1;1;1;0;0;0;1;0;0;1;0;1;1;0;1;1;1;1;0;1;1;0;0;0;1;0;0;0;0;0;1;1;1;1;0;0;1;0;1;1;1;1;0;1;1;0;1;0;1;1;1;0;0;0;1;0;0;1;0;1;1;0;1;1;1;1;0;1;1;0;0;0;1;0;0;0;0;0;1;1;1;1;0;0;1;0;1;1;1;1;0;1;1;0;1;0;1;1;1;0;0;0;1;0;0;1;0;1;1;0;1;1;1;1;0;1
1;;;;;;;;;;;;;;;;;;;;;;;;;;;;;Radisson Recife;;;;;;;;;;;;;;;;;;;;;Não avaliadoNão disponível;76;85;78;83;85.0;92;80;84;79;1;0;0;0;1;0;0;0;0;0;1;1;1;1;0;0;1;0;1;1;1;1;0;1;1;0;1;0;1;1;1;0;0;0;1;0;0;1;0;1;1;0;1;1;1;1;0;1;1;0;0;0;1;0;0;0;0;0;1;1;1;1;0;0;1;0;1;1;1;1;0;1;1;0;1;0;1;1;1;0;0;0;1;0;0;1;0;1;1;0;1;1;1;1;0;1;1;0;0;0;1;0;0;0;0;0;1;1;1;1;0;0;1;0;1;1;1;1;0;1;1;0;1;0;1;1;1;0;0;0;1;0;0;1;0;1;1;0;1;1;1;1;0;1;1;0;0;0;1;0;0;0;0;0;1;1;1;1;0;0;1;0;1;1;1;1;0;1;1;0;1;0;1;1;1;0;0;0;1;0;0;1;0;1;1;0;1;1;1;1;0;1
2;1;1;0;1;1;0;1;1;1;1;0;1;1;1;1;1;0;1;0;1;0;1;1;1;1;0;1;0;Golden Tulip Recife Boa Viagem;0;1;0;1;1;1;1;1;1;1;1;1;0;1;1;1;0;0;1;0;;;;;;;;;;;1;0;1;1;1;1;1;1;1;1;1;1;1;1;0;0;1;0;1;1;1;1;1;1;1;1;1;0;1;1;1;0;1;0;1;0;0;0;1;1;1;0;1;1;1;0;0;0;1;0;1;1;1;1;1;1;1;1;1;1;1;1;0;0;1;0;1;1;1;1;1;1;1;1;1;0;1;1;1;0;1;0;1;0;0;0;1;1;1;0;1;1;1;0;0;0;1;0;1;1;1;1;1;1;1;1;1;1;1;1;0;0;1;0;1;1;1;1;1;1;1;1;1;0;1;1;1;0;1;0;1;0;0;0;1;1;1;0;1;1;1;0;0;0;1;0;1;1;1;1;1;1;1;1;1;1;1;1;0;0;1;0;1;1;1;1;1;1;1;1;1;0;1;1;1;0;1;0;1;0;0;0;1;1;1;0;1;1;1;0;0;0
3;;;;;;;;;;;;;;;;;;;;;;;;;;;;;Golden Tulip Recife Boa Viagem;;;;;;;;;;;;;;;;;;;;;Não avaliadoNão disponível;77;81;76;80;81.0;89;75;80;84;1;0;1;1;1;1;1;1;1;1;1;1;1;1;0;0;1;0;1;1;1;1;1;1;1;1;1;0;1;1;1;0;1;0;1;0;0;0;1;1;1;0;1;1;1;0;0;0;1;0;1;1;1;1;1;1;1;1;1;1;1;1;0;0;1;0;1;1;1;1;1;1;1;1;1;0;1;1;1;0;1;0;1;0;0;0;1;1;1;0;1;1;1;0;0;0;1;0;1;1;1;1;1;1;1;1;1;1;1;1;0;0;1;0;1;1;1;1;1;1;1;1;1;0;1;1;1;0;1;0;1;0;0;0;1;1;1;0;1;1;1;0;0;0;1;0;1;1;1;1;1;1;1;1;1;1;1;1;0;0;1;0;1;1;1;1;1;1;1;1;1;0;1;1;1;0;1;0;1;0;0;0;1;1;1;0;1;1;1;0;0;0
4;1;1;0;1;1;1;1;1;1;1;0;1;1;1;1;1;0;1;0;0;0;0;1;1;1;0;1;0;Mar Hotel Conventions;1;1;0;1;1;1;0;1;1;1;1;0;0;1;1;1;0;0;1;1;;;;;;;;;;;1;0;1;1;1;1;1;1;1;1;1;0;1;1;0;1;1;0;1;1;1;0;1;1;1;0;1;0;1;1;1;1;1;0;1;0;0;0;0;1;1;0;1;1;1;0;0;1;1;0;1;1;1;1;1;1;1;1;1;0;1;1;0;1;1;0;1;1;1;0;1;1;1;0;1;0;1;1;1;1;1;0;1;0;0;0;0;1;1;0;1;1;1;0;0;1;1;0;1;1;1;1;1;1;1;1;1;0;1;1;0;1;1;0;1;1;1;0;1;1;1;0;1;0;1;1;1;1;1;0;1;0;0;0;0;1;1;0;1;1;1;0;0;1;1;0;1;1;1;1;1;1;1;1;1;0;1;1;0;1;1;0;1;1;1;0;1;1;1;0;1;0;1;1;1;1;1;0;1;0;0;0;0;1;1;0;1;1;1;0;0;1
5;;;;;;;;;;;;;;;;;;;;;;;;;;;;;Mar Hotel Conventions;;;;;;;;;;;;;;;;;;;;;70;75;83;77;83;84.0;86;79;82;79;1;0;1;1;1;1;1;1;1;1;1;0;1;1;0;1;1;0;1;1;1;0;1;1;1;0;1;0;1;1;1;1;1;0;1;0;0;0;0;1;1;0;1;1;1;0;0;1;1;0;1;1;1;1;1;1;1;1;1;0;1;1;0;1;1;0;1;1;1;0;1;1;1;0;1;0;1;1;1;1;1;0;1;0;0;0;0;1;1;0;1;1;1;0;0;1;1;0;1;1;1;1;1;1;1;1;1;0;1;1;0;1;1;0;1;1;1;0;1;1;1;0;1;0;1;1;1;1;1;0;1;0;0;0;0;1;1;0;1;1;1;0;0;1;1;0;1;1;1;1;1;1;1;1;1;0;1;1;0;1;1;0;1;1;1;0;1;1;1;0;1;0;1;1;1;1;1;0;1;0;0;0;0;1;1;0;1;1;1;0;0;1
6;1;1;0;0;1;1;1;0;1;0;1;1;1;1;1;1;0;1;1;1;1;0;1;1;1;1;1;0;Best Western Hotel Manibu Recife;1;1;0;1;1;1;1;1;1;1;0;0;1;1;1;1;0;0;1;1;;;;;;;;;;;1;0;0;0;1;0;1;1;1;1;1;1;1;1;1;1;1;0;1;1;1;1;1;1;0;0;1;0;1;1;1;1;1;1;1;0;1;1;0;1;1;0;1;1;1;1;0;1;1;0;0;0;1;0;1;1;1;1;1;1;1;1;1;1;1;0;1;1;1;1;1;1;0;0;1;0;1;1;1;1;1;1;1;0;1;1;0;1;1;0;1;1;1;1;0;1;1;0;0;0;1;0;1;1;1;1;1;1;1;1;1;1;1;0;1;1;1;1;1;1;0;0;1;0;1;1;1;1;1;1;1;0;1;1;0;1;1;0;1;1;1;1;0;1;1;0;0;0;1;0;1;1;1;1;1;1;1;1;1;1;1;0;1;1;1;1;1;1;0;0;1;0;1;1;1;1;1;1;1;0;1;1;0;1;1;0;1;1;1;1;0;1
7;;;;;;;;;;;;;;;;;;;;;;;;;;;;;Best Western Hotel Manibu Recife;;;;;;;;;;;;;;;;;;;;;75;75;82;77;82;86.0;84;82;77;82;1;0;0;0;1;0;1;1;1;1;1;1;1;1;1;1;1;0;1;1;1;1;1;1;0;0;1;0;1;1;1;1;1;1;1;0;1;1;0;1;1;0;1;1;1;1;0;1;1;0;0;0;1;0;1;1;1;1;1;1;1;1;1;1;1;0;1;1;1;1;1;1;0;0;1;0;1;1;1;1;1;1;1;0;1;1;0;1;1;0;1;1;1;1;0;1;1;0;0;0;1;0;1;1;1;1;1;1;1;1;1;1;1;0;1;1;1;1;1;1;0;0;1;0;1;1;1;1;1;1;1;0;1;1;0;1;1;0;1;1;1;1;0;1;1;0;0;0;1;0;1;1;1;1;1;1;1;1;1;1;1;0;1;1;1;1;1;1;0;0;1;0;1;1;1;1;1;1;1;0;1;1;0;1;1;0;1;1;1;1;0;1
8;1;1;0;1;1;0;1;1;1;1;0;1;1;1;1;1;0;1;0;0;0;0;1;1;1;1;1;0;Hotel Atlante Plaza;1;1;0;1;1;1;0;1;1;1;1;0;0;1;1;1;0;0;1;1;;;;;;;;;;;1;0;1;1;1;1;1;1;1;1;1;0;1;1;1;1;1;0;1;1;1;0;1;1;1;0;1;0;1;1;1;0;1;0;1;0;0;0;0;1;1;0;1;1;1;0;0;1;1;0;1;1;1;1;1;1;1;1;1;0;1;1;1;1;1;0;1;1;1;0;1;1;1;0;1;0;1;1;1;0;1;0;1;0;0;0;0;1;1;0;1;1;1;0;0;1;1;0;1;1;1;1;1;1;1;1;1;0;1;1;1;1;1;0;1;1;1;0;1;1;1;0;1;0;1;1;1;0;1;0;1;0;0;0;0;1;1;0;1;1;1;0;0;1;1;0;1;1;1;1;1;1;1;1;1;0;1;1;1;1;1;0;1;1;1;0;1;1;1;0;1;0;1;1;1;0;1;0;1;0;0;0;0;1;1;0;1;1;1;0;0;1
9;;;;;;;;;;;;;;;;;;;;;;;;;;;;;Hotel Atlante Plaza;;;;;;;;;;;;;;;;;;;;;78;76;84;77;81;85.0;91;78;81;84;1;0;1;1;1;1;1;1;1;1;1;0;1;1;1;1;1;0;1;1;1;0;1;1;1;0;1;0;1;1;1;0;1;0;1;0;0;0;0;1;1;0;1;1;1;0;0;1;1;0;1;1;1;1;1;1;1;1;1;0;1;1;1;1;1;0;1;1;1;0;1;1;1;0;1;0;1;1;1;0;1;0;1;0;0;0;0;1;1;0;1;1;1;0;0;1;1;0;1;1;1;1;1;1;1;1;1;0;1;1;1;1;1;0;1;1;1;0;1;1;1;0;1;0;1;1;1;0;1;0;1;0;0;0;0;1;1;0;1;1;1;0;0;1;1;0;1;1;1;1;1;1;1;1;1;0;1;1;1;1;1;0;1;1;1;0;1;1;1;0;1;0;1;1;1;0;1;0;1;0;0;0;0;1;1;0;1;1;1;0;0;1
10;1;0;0;0;1;0;1;0;0;0;0;0;0;1;1;0;1;1;0;0;0;1;0;1;1;0;1;1;Beach Class Conselheiro By Nobile;1;1;0;1;1;1;0;1;1;0;0;0;1;1;0;1;0;1;0;0;;;;;;;;;;;1;0;0;0;0;0;0;0;1;0;1;0;0;1;0;1;1;0;1;1;1;0;1;0;0;0;1;0;0;0;1;0;1;0;1;1;0;0;1;1;1;1;1;0;1;1;1;0;1;0;0;0;0;0;0;0;1;0;1;0;0;1;0;1;1;0;1;1;1;0;1;0;0;0;1;0;0;0;1;0;1;0;1;1;0;0;1;1;1;1;1;0;1;1;1;0;1;0;0;0;0;0;0;0;1;0;1;0;0;1;0;1;1;0;1;1;1;0;1;0;0;0;1;0;0;0;1;0;1;0;1;1;0;0;1;1;1;1;1;0;1;1;1;0;1;0;0;0;0;0;0;0;1;0;1;0;0;1;0;1;1;0;1;1;1;0;1;0;0;0;1;0;0;0;1;0;1;0;1;1;0;0;1;1;1;1;1;0;1;1;1;0
11;;;;;;;;;;;;;;;;;;;;;;;;;;;;;Beach Class Conselheiro By Nobile;;;;;;;;;;;;;;;;;;;;;Não avaliadoNão disponível;Não avaliadoNão disponível;83;Não avaliadoNão disponível;Não avaliadoNão disponível;87.0;Não avaliadoNão disponível;81;Não avaliadoNão disponível;83;1;0;0;0;0;0;0;0;1;0;1;0;0;1;0;1;1;0;1;1;1;0;1;0;0;0;1;0;0;0;1;0;1;0;1;1;0;0;1;1;1;1;1;0;1;1;1;0;1;0;0;0;0;0;0;0;1;0;1;0;0;1;0;1;1;0;1;1;1;0;1;0;0;0;1;0;0;0;1;0;1;0;1;1;0;0;1;1;1;1;1;0;1;1;1;0;1;0;0;0;0;0;0;0;1;0;1;0;0;1;0;1;1;0;1;1;1;0;1;0;0;0;1;0;0;0;1;0;1;0;1;1;0;0;1;1;1;1;1;0;1;1;1;0;1;0;0;0;0;0;0;0;1;0;1;0;0;1;0;1;1;0;1;1;1;0;1;0;0;0;1;0;0;0;1;0;1;0;1;1;0;0;1;1;1;1;1;0;1;1;1;0
12;1;1;0;0;1;0;1;0;1;0;0;0;1;0;1;0;0;1;0;1;1;0;1;1;1;0;1;0;Transamérica Prestige Beach Class International;1;1;0;1;1;1;1;1;1;1;0;0;0;1;0;1;0;0;0;1;;;;;;;;;;;1;0;0;0;1;0;0;1;0;0;1;1;1;1;0;1;1;0;1;1;1;1;1;1;0;0;1;0;0;1;1;0;1;0;1;0;0;1;0;1;1;0;1;0;1;0;0;1;1;0;0;0;1;0;0;1;0;0;1;1;1;1;0;1;1;0;1;1;1;1;1;1;0;0;1;0;0;1;1;0;1;0;1;0;0;1;0;1;1;0;1;0;1;0;0;1;1;0;0;0;1;0;0;1;0;0;1;1;1;1;0;1;1;0;1;1;1;1;1;1;0;0;1;0;0;1;1;0;1;0;1;0;0;1;0;1;1;0;1;0;1;0;0;1;1;0;0;0;1;0;0;1;0;0;1;1;1;1;0;1;1;0;1;1;1;1;1;1;0;0;1;0;0;1;1;0;1;0;1;0;0;1;0;1;1;0;1;0;1;0;0;1
13;;;;;;;;;;;;;;;;;;;;;;;;;;;;;Transamérica Prestige Beach Class International;;;;;;;;;;;;;;;;;;;;;Não avaliadoNão disponível;Não avaliadoNão disponível;89;79;85;88.0;89;85;84;88;1;0;0;0;1;0;0;1;0;0;1;1;1;1;0;1;1;0;1;1;1;1;1;1;0;0;1;0;0;1;1;0;1;0;1;0;0;1;0;1;1;0;1;0;1;0;0;1;1;0;0;0;1;0;0;1;0;0;1;1;1;1;0;1;1;0;1;1;1;1;1;1;0;0;1;0;0;1;1;0;1;0;1;0;0;1;0;1;1;0;1;0;1;0;0;1;1;0;0;0;1;0;0;1;0;0;1;1;1;1;0;1;1;0;1;1;1;1;1;1;0;0;1;0;0;1;1;0;1;0;1;0;0;1;0;1;1;0;1;0;1;0;0;1;1;0;0;0;1;0;0;1;0;0;1;1;1;1;0;1;1;0;1;1;1;1;1;1;0;0;1;0;0;1;1;0;1;0;1;0;0;1;0;1;1;0;1;0;1;0;0;1
14;0;1;0;0;1;0;1;0;0;0;0;0;0;0;1;1;0;1;1;0;0;0;0;1;0;0;1;0;Hotel Duble;0;0;0;1;1;0;0;1;0;1;0;0;1;1;1;0;0;0;1;1;;;;;;;;;;;0;0;0;0;0;0;0;0;0;1;1;0;0;0;0;0;0;0;1;1;0;0;0;1;0;0;0;0;1;1;1;0;1;0;1;0;1;0;0;1;1;0;1;1;1;1;0;1;0;0;0;0;0;0;0;0;0;1;1;0;0;0;0;0;0;0;1;1;0;0;0;1;0;0;0;0;1;1;1;0;1;0;1;0;1;0;0;1;1;0;1;1;1;1;0;1;0;0;0;0;0;0;0;0;0;1;1;0;0;0;0;0;0;0;1;1;0;0;0;1;0;0;0;0;1;1;1;0;1;0;1;0;1;0;0;1;1;0;1;1;1;1;0;1;0;0;0;0;0;0;0;0;0;1;1;0;0;0;0;0;0;0;1;1;0;0;0;1;0;0;0;0;1;1;1;0;1;0;1;0;1;0;0;1;1;0;1;1;1;1;0;1
15;;;;;;;;;;;;;;;;;;;;;;;;;;;;;Hotel Duble;;;;;;;;;;;;;;;;;;;;;Não avaliadoNão disponível;78;72;75;78;77.0;84;70;72;78;0;0;0;0;0;0;0;0;0;1;1;0;0;0;0;0;0;0;1;1;0;0;0;1;0;0;0;0;1;1;1;0;1;0;1;0;1;0;0;1;1;0;1;1;1;1;0;1;0;0;0;0;0;0;0;0;0;1;1;0;0;0;0;0;0;0;1;1;0;0;0;1;0;0;0;0;1;1;1;0;1;0;1;0;1;0;0;1;1;0;1;1;1;1;0;1;0;0;0;0;0;0;0;0;0;1;1;0;0;0;0;0;0;0;1;1;0;0;0;1;0;0;0;0;1;1;1;0;1;0;1;0;1;0;0;1;1;0;1;1;1;1;0;1;0;0;0;0;0;0;0;0;0;1;1;0;0;0;0;0;0;0;1;1;0;0;0;1;0;0;0;0;1;1;1;0;1;0;1;0;1;0;0;1;1;0;1;1;1;1;0;1
16;1;1;0;0;1;0;1;1;1;0;0;1;0;0;1;0;0;1;0;1;1;0;1;1;1;0;1;0;Nobile Beach Class Executive;1;1;0;1;1;1;1;1;0;1;1;0;0;1;1;1;0;0;1;1;;;;;;;;;;;1;0;0;1;1;0;1;0;0;0;1;1;1;1;0;1;1;0;1;1;1;1;0;1;1;0;1;0;1;1;1;0;1;0;1;0;0;1;0;1;1;0;1;1;1;0;0;1;1;0;0;1;1;0;1;0;0;0;1;1;1;1;0;1;1;0;1;1;1;1;0;1;1;0;1;0;1;1;1;0;1;0;1;0;0;1;0;1;1;0;1;1;1;0;0;1;1;0;0;1;1;0;1;0;0;0;1;1;1;1;0;1;1;0;1;1;1;1;0;1;1;0;1;0;1;1;1;0;1;0;1;0;0;1;0;1;1;0;1;1;1;0;0;1;1;0;0;1;1;0;1;0;0;0;1;1;1;1;0;1;1;0;1;1;1;1;0;1;1;0;1;0;1;1;1;0;1;0;1;0;0;1;0;1;1;0;1;1;1;0;0;1
17;;;;;;;;;;;;;;;;;;;;;;;;;;;;;Nobile Beach Class Executive;;;;;;;;;;;;;;;;;;;;;72;80;86;79;84;87.0;88;81;83;84;1;0;0;1;1;0;1;0;0;0;1;1;1;1;0;1;1;0;1;1;1;1;0;1;1;0;1;0;1;1;1;0;1;0;1;0;0;1;0;1;1;0;1;1;1;0;0;1;1;0;0;1;1;0;1;0;0;0;1;1;1;1;0;1;1;0;1;1;1;1;0;1;1;0;1;0;1;1;1;0;1;0;1;0;0;1;0;1;1;0;1;1;1;0;0;1;1;0;0;1;1;0;1;0;0;0;1;1;1;1;0;1;1;0;1;1;1;1;0;1;1;0;1;0;1;1;1;0;1;0;1;0;0;1;0;1;1;0;1;1;1;0;0;1;1;0;0;1;1;0;1;0;0;0;1;1;1;1;0;1;1;0;1;1;1;1;0;1;1;0;1;0;1;1;1;0;1;0;1;0;0;1;0;1;1;0;1;1;1;0;0;1
18;1;1;0;1;1;1;0;1;1;1;0;1;0;1;1;1;0;1;0;1;0;1;1;1;1;1;1;0;Recife Monte;1;1;0;1;1;1;1;1;1;1;0;0;0;1;1;1;0;0;1;1;;;;;;;;;;;1;0;1;1;1;1;1;0;1;1;1;1;1;1;1;1;1;0;1;1;1;1;1;1;0;0;1;0;1;1;1;1;0;0;1;0;0;0;1;1;1;0;1;1;1;0;0;1;1;0;1;1;1;1;1;0;1;1;1;1;1;1;1;1;1;0;1;1;1;1;1;1;0;0;1;0;1;1;1;1;0;0;1;0;0;0;1;1;1;0;1;1;1;0;0;1;1;0;1;1;1;1;1;0;1;1;1;1;1;1;1;1;1;0;1;1;1;1;1;1;0;0;1;0;1;1;1;1;0;0;1;0;0;0;1;1;1;0;1;1;1;0;0;1;1;0;1;1;1;1;1;0;1;1;1;1;1;1;1;1;1;0;1;1;1;1;1;1;0;0;1;0;1;1;1;1;0;0;1;0;0;0;1;1;1;0;1;1;1;0;0;1
19;;;;;;;;;;;;;;;;;;;;;;;;;;;;;Recife Monte;;;;;;;;;;;;;;;;;;;;;77;74;64;67;64;66.0;82;62;62;70;1;0;1;1;1;1;1;0;1;1;1;1;1;1;1;1;1;0;1;1;1;1;1;1;0;0;1;0;1;1;1;1;0;0;1;0;0;0;1;1;1;0;1;1;1;0;0;1;1;0;1;1;1;1;1;0;1;1;1;1;1;1;1;1;1;0;1;1;1;1;1;1;0;0;1;0;1;1;1;1;0;0;1;0;0;0;1;1;1;0;1;1;1;0;0;1;1;0;1;1;1;1;1;0;1;1;1;1;1;1;1;1;1;0;1;1;1;1;1;1;0;0;1;0;1;1;1;1;0;0;1;0;0;0;1;1;1;0;1;1;1;0;0;1;1;0;1;1;1;1;1;0;1;1;1;1;1;1;1;1;1;0;1;1;1;1;1;1;0;0;1;0;1;1;1;1;0;0;1;0;0;0;1;1;1;0;1;1;1;0;0;1
20;1;1;0;1;1;0;1;1;1;0;0;1;0;1;1;1;0;1;0;1;0;0;1;1;1;0;1;0;Recife Praia;1;1;0;1;1;1;1;0;1;1;1;0;0;1;1;1;0;0;1;1;;;;;;;;;;;1;0;1;1;1;0;1;0;1;1;1;1;1;1;0;1;1;0;1;1;1;1;1;1;1;0;1;0;1;1;1;0;1;0;1;0;0;0;0;1;1;0;0;1;1;0;0;1;1;0;1;1;1;0;1;0;1;1;1;1;1;1;0;1;1;0;1;1;1;1;1;1;1;0;1;0;1;1;1;0;1;0;1;0;0;0;0;1;1;0;0;1;1;0;0;1;1;0;1;1;1;0;1;0;1;1;1;1;1;1;0;1;1;0;1;1;1;1;1;1;1;0;1;0;1;1;1;0;1;0;1;0;0;0;0;1;1;0;0;1;1;0;0;1;1;0;1;1;1;0;1;0;1;1;1;1;1;1;0;1;1;0;1;1;1;1;1;1;1;0;1;0;1;1;1;0;1;0;1;0;0;0;0;1;1;0;0;1;1;0;0;1
21;;;;;;;;;;;;;;;;;;;;;;;;;;;;;Recife Praia;;;;;;;;;;;;;;;;;;;;;76;80;75;75;75;79.0;85;72;75;81;1;0;1;1;1;0;1;0;1;1;1;1;1;1;0;1;1;0;1;1;1;1;1;1;1;0;1;0;1;1;1;0;1;0;1;0;0;0;0;1;1;0;0;1;1;0;0;1;1;0;1;1;1;0;1;0;1;1;1;1;1;1;0;1;1;0;1;1;1;1;1;1;1;0;1;0;1;1;1;0;1;0;1;0;0;0;0;1;1;0;0;1;1;0;0;1;1;0;1;1;1;0;1;0;1;1;1;1;1;1;0;1;1;0;1;1;1;1;1;1;1;0;1;0;1;1;1;0;1;0;1;0;0;0;0;1;1;0;0;1;1;0;0;1;1;0;1;1;1;0;1;0;1;1;1;1;1;1;0;1;1;0;1;1;1;1;1;1;1;0;1;0;1;1;1;0;1;0;1;0;0;0;0;1;1;0;0;1;1;0;0;1
22;0;1;0;0;1;0;1;0;0;0;0;0;0;0;0;0;0;0;0;1;0;0;0;1;1;0;1;0;Bianca Praia;1;0;0;0;1;0;0;0;0;0;0;0;0;1;1;0;0;0;0;0;;;;;;;;;;;0;0;0;0;0;0;0;0;0;0;0;1;0;1;0;1;0;0;0;1;0;0;0;0;0;0;0;0;0;1;1;0;1;0;0;0;0;0;0;1;1;0;0;1;1;0;0;0;0;0;0;0;0;0;0;0;0;0;0;1;0;1;0;1;0;0;0;1;0;0;0;0;0;0;0;0;0;1;1;0;1;0;0;0;0;0;0;1;1;0;0;1;1;0;0;0;0;0;0;0;0;0;0;0;0;0;0;1;0;1;0;1;0;0;0;1;0;0;0;0;0;0;0;0;0;1;1;0;1;0;0;0;0;0;0;1;1;0;0;1;1;0;0;0;0;0;0;0;0;0;0;0;0;0;0;1;0;1;0;1;0;0;0;1;0;0;0;0;0;0;0;0;0;1;1;0;1;0;0;0;0;0;0;1;1;0;0;1;1;0;0;0
23;;;;;;;;;;;;;;;;;;;;;;;;;;;;;Bianca Praia;;;;;;;;;;;;;;;;;;;;;Não avaliadoNão disponível;Não avaliadoNão disponível;78;81;77;82.0;87;Não avaliadoNão disponível;76;85;0;0;0;0;0;0;0;0;0;0;0;1;0;1;0;1;0;0;0;1;0;0;0;0;0;0;0;0;0;1;1;0;1;0;0;0;0;0;0;1;1;0;0;1;1;0;0;0;0;0;0;0;0;0;0;0;0;0;0;1;0;1;0;1;0;0;0;1;0;0;0;0;0;0;0;0;0;1;1;0;1;0;0;0;0;0;0;1;1;0;0;1;1;0;0;0;0;0;0;0;0;0;0;0;0;0;0;1;0;1;0;1;0;0;0;1;0;0;0;0;0;0;0;0;0;1;1;0;1;0;0;0;0;0;0;1;1;0;0;1;1;0;0;0;0;0;0;0;0;0;0;0;0;0;0;1;0;1;0;1;0;0;0;1;0;0;0;0;0;0;0;0;0;1;1;0;1;0;0;0;0;0;0;1;1;0;0;1;1;0;0;0
24;0;1;0;0;1;0;1;1;1;0;0;1;0;1;1;0;0;1;0;1;0;0;0;1;1;0;1;0;Jangadeiro;1;1;0;1;1;1;1;1;0;1;1;0;0;0;1;1;0;1;1;1;;;;;;;;;;;0;0;0;1;1;0;1;0;1;0;1;1;0;1;0;1;1;0;1;1;1;1;0;1;1;0;1;0;1;1;1;0;1;0;1;0;0;0;0;1;1;0;1;1;0;0;1;1;0;0;0;1;1;0;1;0;1;0;1;1;0;1;0;1;1;0;1;1;1;1;0;1;1;0;1;0;1;1;1;0;1;0;1;0;0;0;0;1;1;0;1;1;0;0;1;1;0;0;0;1;1;0;1;0;1;0;1;1;0;1;0;1;1;0;1;1;1;1;0;1;1;0;1;0;1;1;1;0;1;0;1;0;0;0;0;1;1;0;1;1;0;0;1;1;0;0;0;1;1;0;1;0;1;0;1;1;0;1;0;1;1;0;1;1;1;1;0;1;1;0;1;0;1;1;1;0;1;0;1;0;0;0;0;1;1;0;1;1;0;0;1;1
25;;;;;;;;;;;;;;;;;;;;;;;;;;;;;Jangadeiro;;;;;;;;;;;;;;;;;;;;;Não avaliadoNão disponível;Não avaliadoNão disponível;73;73;71;74.0;89;75;76;78;0;0;0;1;1;0;1;0;1;0;1;1;0;1;0;1;1;0;1;1;1;1;0;1;1;0;1;0;1;1;1;0;1;0;1;0;0;0;0;1;1;0;1;1;0;0;1;1;0;0;0;1;1;0;1;0;1;0;1;1;0;1;0;1;1;0;1;1;1;1;0;1;1;0;1;0;1;1;1;0;1;0;1;0;0;0;0;1;1;0;1;1;0;0;1;1;0;0;0;1;1;0;1;0;1;0;1;1;0;1;0;1;1;0;1;1;1;1;0;1;1;0;1;0;1;1;1;0;1;0;1;0;0;0;0;1;1;0;1;1;0;0;1;1;0;0;0;1;1;0;1;0;1;0;1;1;0;1;0;1;1;0;1;1;1;1;0;1;1;0;1;0;1;1;1;0;1;0;1;0;0;0;0;1;1;0;1;1;0;0;1;1
26;0;1;0;0;1;0;1;0;1;0;0;0;0;0;1;0;0;1;0;1;0;0;1;1;1;0;1;0;Internacional Palace;1;1;0;0;1;1;0;1;1;1;1;0;0;1;1;0;0;0;1;1;;;;;;;;;;;0;0;0;0;1;0;0;0;0;0;1;1;1;1;0;1;1;0;0;1;1;0;1;1;1;0;0;0;1;1;1;0;1;0;1;0;0;0;0;1;1;0;1;1;1;0;0;1;0;0;0;0;1;0;0;0;0;0;1;1;1;1;0;1;1;0;0;1;1;0;1;1;1;0;0;0;1;1;1;0;1;0;1;0;0;0;0;1;1;0;1;1;1;0;0;1;0;0;0;0;1;0;0;0;0;0;1;1;1;1;0;1;1;0;0;1;1;0;1;1;1;0;0;0;1;1;1;0;1;0;1;0;0;0;0;1;1;0;1;1;1;0;0;1;0;0;0;0;1;0;0;0;0;0;1;1;1;1;0;1;1;0;0;1;1;0;1;1;1;0;0;0;1;1;1;0;1;0;1;0;0;0;0;1;1;0;1;1;1;0;0;1
27;;;;;;;;;;;;;;;;;;;;;;;;;;;;;Internacional Palace;;;;;;;;;;;;;;;;;;;;;74;76;78;74;76;79.0;89;77;74;81;0;0;0;0;1;0;0;0;0;0;1;1;1;1;0;1;1;0;0;1;1;0;1;1;1;0;0;0;1;1;1;0;1;0;1;0;0;0;0;1;1;0;1;1;1;0;0;1;0;0;0;0;1;0;0;0;0;0;1;1;1;1;0;1;1;0;0;1;1;0;1;1;1;0;0;0;1;1;1;0;1;0;1;0;0;0;0;1;1;0;1;1;1;0;0;1;0;0;0;0;1;0;0;0;0;0;1;1;1;1;0;1;1;0;0;1;1;0;1;1;1;0;0;0;1;1;1;0;1;0;1;0;0;0;0;1;1;0;1;1;1;0;0;1;0;0;0;0;1;0;0;0;0;0;1;1;1;1;0;1;1;0;0;1;1;0;1;1;1;0;0;0;1;1;1;0;1;0;1;0;0;0;0;1;1;0;1;1;1;0;0;1
28;0;1;0;0;1;0;1;0;0;0;1;1;0;0;1;0;0;1;0;1;0;0;1;1;0;0;1;0;Enseada da Boa Viagem;1;1;0;1;1;1;1;1;0;1;0;0;0;1;1;0;0;0;1;1;;;;;;;;;;;0;0;0;0;0;0;1;0;0;0;1;1;1;0;0;1;1;0;1;1;1;1;0;1;0;0;0;0;1;1;1;0;1;1;1;0;0;0;0;1;1;0;1;1;1;0;0;1;0;0;0;0;0;0;1;0;0;0;1;1;1;0;0;1;1;0;1;1;1;1;0;1;0;0;0;0;1;1;1;0;1;1;1;0;0;0;0;1;1;0;1;1;1;0;0;1;0;0;0;0;0;0;1;0;0;0;1;1;1;0;0;1;1;0;1;1;1;1;0;1;0;0;0;0;1;1;1;0;1;1;1;0;0;0;0;1;1;0;1;1;1;0;0;1;0;0;0;0;0;0;1;0;0;0;1;1;1;0;0;1;1;0;1;1;1;1;0;1;0;0;0;0;1;1;1;0;1;1;1;0;0;0;0;1;1;0;1;1;1;0;0;1
29;;;;;;;;;;;;;;;;;;;;;;;;;;;;;Enseada da Boa Viagem;;;;;;;;;;;;;;;;;;;;;74;Não avaliadoNão disponível;78;80;78;83.0;84;81;78;81;0;0;0;0;0;0;1;0;0;0;1;1;1;0;0;1;1;0;1;1;1;1;0;1;0;0;0;0;1;1;1;0;1;1;1;0;0;0;0;1;1;0;1;1;1;0;0;1;0;0;0;0;0;0;1;0;0;0;1;1;1;0;0;1;1;0;1;1;1;1;0;1;0;0;0;0;1;1;1;0;1;1;1;0;0;0;0;1;1;0;1;1;1;0;0;1;0;0;0;0;0;0;1;0;0;0;1;1;1;0;0;1;1;0;1;1;1;1;0;1;0;0;0;0;1;1;1;0;1;1;1;0;0;0;0;1;1;0;1;1;1;0;0;1;0;0;0;0;0;0;1;0;0;0;1;1;1;0;0;1;1;0;1;1;1;1;0;1;0;0;0;0;1;1;1;0;1;1;1;0;0;0;0;1;1;0;1;1;1;0;0;1
30;0;1;0;1;1;1;1;0;1;0;1;1;0;1;1;0;0;1;0;1;0;1;1;1;1;0;1;0;Parkhotel;1;1;0;0;1;1;1;0;0;1;0;0;0;1;1;1;0;0;1;1;;;;;;;;;;;0;0;1;0;1;0;1;0;1;0;1;1;1;1;0;1;1;0;0;1;1;1;0;1;0;0;1;0;1;1;1;1;1;1;1;0;0;0;1;1;1;0;0;1;1;0;0;1;0;0;1;0;1;0;1;0;1;0;1;1;1;1;0;1;1;0;0;1;1;1;0;1;0;0;1;0;1;1;1;1;1;1;1;0;0;0;1;1;1;0;0;1;1;0;0;1;0;0;1;0;1;0;1;0;1;0;1;1;1;1;0;1;1;0;0;1;1;1;0;1;0;0;1;0;1;1;1;1;1;1;1;0;0;0;1;1;1;0;0;1;1;0;0;1;0;0;1;0;1;0;1;0;1;0;1;1;1;1;0;1;1;0;0;1;1;1;0;1;0;0;1;0;1;1;1;1;1;1;1;0;0;0;1;1;1;0;0;1;1;0;0;1
31;;;;;;;;;;;;;;;;;;;;;;;;;;;;;Parkhotel;;;;;;;;;;;;;;;;;;;;;78;80;77;75;79;81.0;89;72;76;75;0;0;1;0;1;0;1;0;1;0;1;1;1;1;0;1;1;0;0;1;1;1;0;1;0;0;1;0;1;1;1;1;1;1;1;0;0;0;1;1;1;0;0;1;1;0;0;1;0;0;1;0;1;0;1;0;1;0;1;1;1;1;0;1;1;0;0;1;1;1;0;1;0;0;1;0;1;1;1;1;1;1;1;0;0;0;1;1;1;0;0;1;1;0;0;1;0;0;1;0;1;0;1;0;1;0;1;1;1;1;0;1;1;0;0;1;1;1;0;1;0;0;1;0;1;1;1;1;1;1;1;0;0;0;1;1;1;0;0;1;1;0;0;1;0;0;1;0;1;0;1;0;1;0;1;1;1;1;0;1;1;0;0;1;1;1;0;1;0;0;1;0;1;1;1;1;1;1;1;0;0;0;1;1;1;0;0;1;1;0;0;1
32;1;1;0;0;1;0;1;0;1;0;0;1;0;0;1;1;0;1;0;1;0;0;0;1;1;0;1;0;Bristol Recife Suites & Convention;1;1;0;1;1;1;1;1;1;1;1;1;0;1;1;1;0;0;1;1;;;;;;;;;;;1;0;0;0;1;0;1;0;0;1;1;1;0;1;0;1;1;0;1;1;1;1;1;1;1;1;1;0;1;1;1;0;1;0;1;0;0;0;0;1;1;0;1;1;1;0;0;1;1;0;0;0;1;0;1;0;0;1;1;1;0;1;0;1;1;0;1;1;1;1;1;1;1;1;1;0;1;1;1;0;1;0;1;0;0;0;0;1;1;0;1;1;1;0;0;1;1;0;0;0;1;0;1;0;0;1;1;1;0;1;0;1;1;0;1;1;1;1;1;1;1;1;1;0;1;1;1;0;1;0;1;0;0;0;0;1;1;0;1;1;1;0;0;1;1;0;0;0;1;0;1;0;0;1;1;1;0;1;0;1;1;0;1;1;1;1;1;1;1;1;1;0;1;1;1;0;1;0;1;0;0;0;0;1;1;0;1;1;1;0;0;1
33;;;;;;;;;;;;;;;;;;;;;;;;;;;;;Bristol Recife Suites & Convention;;;;;;;;;;;;;;;;;;;;;Não avaliadoNão disponível;76;87;82;82;88.0;82;85;85;82;1;0;0;0;1;0;1;0;0;1;1;1;0;1;0;1;1;0;1;1;1;1;1;1;1;1;1;0;1;1;1;0;1;0;1;0;0;0;0;1;1;0;1;1;1;0;0;1;1;0;0;0;1;0;1;0;0;1;1;1;0;1;0;1;1;0;1;1;1;1;1;1;1;1;1;0;1;1;1;0;1;0;1;0;0;0;0;1;1;0;1;1;1;0;0;1;1;0;0;0;1;0;1;0;0;1;1;1;0;1;0;1;1;0;1;1;1;1;1;1;1;1;1;0;1;1;1;0;1;0;1;0;0;0;0;1;1;0;1;1;1;0;0;1;1;0;0;0;1;0;1;0;0;1;1;1;0;1;0;1;1;0;1;1;1;1;1;1;1;1;1;0;1;1;1;0;1;0;1;0;0;0;0;1;1;0;1;1;1;0;0;1
34;0;1;0;1;1;1;1;0;1;1;0;1;0;1;0;1;0;1;0;1;0;0;1;1;1;1;1;0;Canariu's Palace;1;1;0;0;1;1;1;0;0;1;1;0;0;1;1;1;0;0;1;1;;;;;;;;;;;0;0;1;0;1;1;1;0;1;1;1;1;1;1;1;1;1;0;0;1;1;1;0;1;1;0;1;0;1;1;1;1;1;0;0;0;0;0;0;1;1;0;0;1;1;0;0;1;0;0;1;0;1;1;1;0;1;1;1;1;1;1;1;1;1;0;0;1;1;1;0;1;1;0;1;0;1;1;1;1;1;0;0;0;0;0;0;1;1;0;0;1;1;0;0;1;0;0;1;0;1;1;1;0;1;1;1;1;1;1;1;1;1;0;0;1;1;1;0;1;1;0;1;0;1;1;1;1;1;0;0;0;0;0;0;1;1;0;0;1;1;0;0;1;0;0;1;0;1;1;1;0;1;1;1;1;1;1;1;1;1;0;0;1;1;1;0;1;1;0;1;0;1;1;1;1;1;0;0;0;0;0;0;1;1;0;0;1;1;0;0;1
35;;;;;;;;;;;;;;;;;;;;;;;;;;;;;Canariu's Palace;;;;;;;;;;;;;;;;;;;;;76;Não avaliadoNão disponível;71;70;72;73.0;84;71;67;76;0;0;1;0;1;1;1;0;1;1;1;1;1;1;1;1;1;0;0;1;1;1;0;1;1;0;1;0;1;1;1;1;1;0;0;0;0;0;0;1;1;0;0;1;1;0;0;1;0;0;1;0;1;1;1;0;1;1;1;1;1;1;1;1;1;0;0;1;1;1;0;1;1;0;1;0;1;1;1;1;1;0;0;0;0;0;0;1;1;0;0;1;1;0;0;1;0;0;1;0;1;1;1;0;1;1;1;1;1;1;1;1;1;0;0;1;1;1;0;1;1;0;1;0;1;1;1;1;1;0;0;0;0;0;0;1;1;0;0;1;1;0;0;1;0;0;1;0;1;1;1;0;1;1;1;1;1;1;1;1;1;0;0;1;1;1;0;1;1;0;1;0;1;1;1;1;1;0;0;0;0;0;0;1;1;0;0;1;1;0;0;1
36;1;1;1;1;1;1;1;0;1;0;0;1;0;0;1;0;0;0;0;1;0;0;1;0;1;0;1;0;Boa Viagem Praia;1;1;0;1;1;1;1;0;0;1;1;0;0;1;1;0;0;0;1;1;;;;;;;;;;;1;1;1;0;1;0;1;0;0;0;0;1;1;1;0;1;1;0;1;1;1;1;0;1;1;0;0;0;1;1;1;1;1;0;1;0;0;0;0;0;1;0;0;1;1;0;0;1;1;1;1;0;1;0;1;0;0;0;0;1;1;1;0;1;1;0;1;1;1;1;0;1;1;0;0;0;1;1;1;1;1;0;1;0;0;0;0;0;1;0;0;1;1;0;0;1;1;1;1;0;1;0;1;0;0;0;0;1;1;1;0;1;1;0;1;1;1;1;0;1;1;0;0;0;1;1;1;1;1;0;1;0;0;0;0;0;1;0;0;1;1;0;0;1;1;1;1;0;1;0;1;0;0;0;0;1;1;1;0;1;1;0;1;1;1;1;0;1;1;0;0;0;1;1;1;1;1;0;1;0;0;0;0;0;1;0;0;1;1;0;0;1
37;;;;;;;;;;;;;;;;;;;;;;;;;;;;;Boa Viagem Praia;;;;;;;;;;;;;;;;;;;;;75;76;65;69;66;70.0;85;63;68;71;1;1;1;0;1;0;1;0;0;0;0;1;1;1;0;1;1;0;1;1;1;1;0;1;1;0;0;0;1;1;1;1;1;0;1;0;0;0;0;0;1;0;0;1;1;0;0;1;1;1;1;0;1;0;1;0;0;0;0;1;1;1;0;1;1;0;1;1;1;1;0;1;1;0;0;0;1;1;1;1;1;0;1;0;0;0;0;0;1;0;0;1;1;0;0;1;1;1;1;0;1;0;1;0;0;0;0;1;1;1;0;1;1;0;1;1;1;1;0;1;1;0;0;0;1;1;1;1;1;0;1;0;0;0;0;0;1;0;0;1;1;0;0;1;1;1;1;0;1;0;1;0;0;0;0;1;1;1;0;1;1;0;1;1;1;1;0;1;1;0;0;0;1;1;1;1;1;0;1;0;0;0;0;0;1;0;0;1;1;0;0;1
38;0;1;0;0;1;0;1;0;1;0;0;0;0;0;1;1;0;1;0;1;0;0;0;1;1;0;1;0;Onda Mar;1;1;0;1;1;1;1;1;0;1;0;0;0;1;1;0;0;0;1;0;;;;;;;;;;;0;0;0;0;1;0;0;0;0;1;1;1;0;1;0;1;1;0;1;1;1;1;0;1;0;0;0;0;1;1;1;0;1;0;1;0;0;0;0;1;1;0;1;1;1;0;0;0;0;0;0;0;1;0;0;0;0;1;1;1;0;1;0;1;1;0;1;1;1;1;0;1;0;0;0;0;1;1;1;0;1;0;1;0;0;0;0;1;1;0;1;1;1;0;0;0;0;0;0;0;1;0;0;0;0;1;1;1;0;1;0;1;1;0;1;1;1;1;0;1;0;0;0;0;1;1;1;0;1;0;1;0;0;0;0;1;1;0;1;1;1;0;0;0;0;0;0;0;1;0;0;0;0;1;1;1;0;1;0;1;1;0;1;1;1;1;0;1;0;0;0;0;1;1;1;0;1;0;1;0;0;0;0;1;1;0;1;1;1;0;0;0
39;;;;;;;;;;;;;;;;;;;;;;;;;;;;;Onda Mar;;;;;;;;;;;;;;;;;;;;;76;79;74;76;75;77.0;87;78;73;78;0;0;0;0;1;0;0;0;0;1;1;1;0;1;0;1;1;0;1;1;1;1;0;1;0;0;0;0;1;1;1;0;1;0;1;0;0;0;0;1;1;0;1;1;1;0;0;0;0;0;0;0;1;0;0;0;0;1;1;1;0;1;0;1;1;0;1;1;1;1;0;1;0;0;0;0;1;1;1;0;1;0;1;0;0;0;0;1;1;0;1;1;1;0;0;0;0;0;0;0;1;0;0;0;0;1;1;1;0;1;0;1;1;0;1;1;1;1;0;1;0;0;0;0;1;1;1;0;1;0;1;0;0;0;0;1;1;0;1;1;1;0;0;0;0;0;0;0;1;0;0;0;0;1;1;1;0;1;0;1;1;0;1;1;1;1;0;1;0;0;0;0;1;1;1;0;1;0;1;0;0;0;0;1;1;0;1;1;1;0;0;0
40;0;1;0;1;1;0;1;0;1;1;1;1;1;1;1;0;1;1;1;1;0;0;0;1;1;0;1;1;Mercure Recife Navegantes;1;1;0;1;1;1;1;1;1;1;1;0;0;1;1;0;0;0;1;1;;;;;;;;;;;0;0;1;0;1;1;1;1;1;0;1;1;0;1;0;1;1;0;1;1;1;1;1;1;1;0;0;0;1;1;1;0;1;1;1;1;1;0;0;1;1;1;1;1;1;0;0;1;0;0;1;0;1;1;1;1;1;0;1;1;0;1;0;1;1;0;1;1;1;1;1;1;1;0;0;0;1;1;1;0;1;1;1;1;1;0;0;1;1;1;1;1;1;0;0;1;0;0;1;0;1;1;1;1;1;0;1;1;0;1;0;1;1;0;1;1;1;1;1;1;1;0;0;0;1;1;1;0;1;1;1;1;1;0;0;1;1;1;1;1;1;0;0;1;0;0;1;0;1;1;1;1;1;0;1;1;0;1;0;1;1;0;1;1;1;1;1;1;1;0;0;0;1;1;1;0;1;1;1;1;1;0;0;1;1;1;1;1;1;0;0;1
41;;;;;;;;;;;;;;;;;;;;;;;;;;;;;Mercure Recife Navegantes;;;;;;;;;;;;;;;;;;;;;79;79;79;73;79;81.0;85;74;75;72;0;0;1;0;1;1;1;1;1;0;1;1;0;1;0;1;1;0;1;1;1;1;1;1;1;0;0;0;1;1;1;0;1;1;1;1;1;0;0;1;1;1;1;1;1;0;0;1;0;0;1;0;1;1;1;1;1;0;1;1;0;1;0;1;1;0;1;1;1;1;1;1;1;0;0;0;1;1;1;0;1;1;1;1;1;0;0;1;1;1;1;1;1;0;0;1;0;0;1;0;1;1;1;1;1;0;1;1;0;1;0;1;1;0;1;1;1;1;1;1;1;0;0;0;1;1;1;0;1;1;1;1;1;0;0;1;1;1;1;1;1;0;0;1;0;0;1;0;1;1;1;1;1;0;1;1;0;1;0;1;1;0;1;1;1;1;1;1;1;0;0;0;1;1;1;0;1;1;1;1;1;0;0;1;1;1;1;1;1;0;0;1
42;0;1;0;0;1;0;1;0;0;0;1;0;0;0;1;1;0;0;0;0;0;0;0;1;1;0;0;0;Vivaz Boutique;1;1;0;1;1;0;0;0;0;0;0;0;0;1;1;1;0;0;1;1;;;;;;;;;;;0;0;0;0;0;0;0;0;0;1;0;0;0;1;0;1;1;0;1;1;0;0;0;0;0;0;1;0;1;1;1;0;1;1;1;0;0;0;0;1;0;0;0;1;1;0;0;1;0;0;0;0;0;0;0;0;0;1;0;0;0;1;0;1;1;0;1;1;0;0;0;0;0;0;1;0;1;1;1;0;1;1;1;0;0;0;0;1;0;0;0;1;1;0;0;1;0;0;0;0;0;0;0;0;0;1;0;0;0;1;0;1;1;0;1;1;0;0;0;0;0;0;1;0;1;1;1;0;1;1;1;0;0;0;0;1;0;0;0;1;1;0;0;1;0;0;0;0;0;0;0;0;0;1;0;0;0;1;0;1;1;0;1;1;0;0;0;0;0;0;1;0;1;1;1;0;1;1;1;0;0;0;0;1;0;0;0;1;1;0;0;1
43;;;;;;;;;;;;;;;;;;;;;;;;;;;;;Vivaz Boutique;;;;;;;;;;;;;;;;;;;;;Não avaliadoNão disponível;Não avaliadoNão disponível;79;80;76;85.0;85;82;77;89;0;0;0;0;0;0;0;0;0;1;0;0;0;1;0;1;1;0;1;1;0;0;0;0;0;0;1;0;1;1;1;0;1;1;1;0;0;0;0;1;0;0;0;1;1;0;0;1;0;0;0;0;0;0;0;0;0;1;0;0;0;1;0;1;1;0;1;1;0;0;0;0;0;0;1;0;1;1;1;0;1;1;1;0;0;0;0;1;0;0;0;1;1;0;0;1;0;0;0;0;0;0;0;0;0;1;0;0;0;1;0;1;1;0;1;1;0;0;0;0;0;0;1;0;1;1;1;0;1;1;1;0;0;0;0;1;0;0;0;1;1;0;0;1;0;0;0;0;0;0;0;0;0;1;0;0;0;1;0;1;1;0;1;1;0;0;0;0;0;0;1;0;1;1;1;0;1;1;1;0;0;0;0;1;0;0;0;1;1;0;0;1
44;1;1;0;0;1;0;1;0;1;0;0;1;0;1;1;0;0;1;1;1;0;0;1;1;1;0;1;0;Nacional Inn Recife;0;1;0;1;1;1;1;1;0;1;1;0;1;1;1;1;0;0;1;1;;;;;;;;;;;1;0;0;0;1;0;1;0;1;0;1;1;1;1;0;0;1;0;1;1;1;1;0;1;1;0;1;0;1;1;1;0;1;0;1;0;1;0;0;1;1;0;1;1;1;1;0;1;1;0;0;0;1;0;1;0;1;0;1;1;1;1;0;0;1;0;1;1;1;1;0;1;1;0;1;0;1;1;1;0;1;0;1;0;1;0;0;1;1;0;1;1;1;1;0;1;1;0;0;0;1;0;1;0;1;0;1;1;1;1;0;0;1;0;1;1;1;1;0;1;1;0;1;0;1;1;1;0;1;0;1;0;1;0;0;1;1;0;1;1;1;1;0;1;1;0;0;0;1;0;1;0;1;0;1;1;1;1;0;0;1;0;1;1;1;1;0;1;1;0;1;0;1;1;1;0;1;0;1;0;1;0;0;1;1;0;1;1;1;1;0;1
45;;;;;;;;;;;;;;;;;;;;;;;;;;;;;Nacional Inn Recife;;;;;;;;;;;;;;;;;;;;;74;Não avaliadoNão disponível;70;74;73;77.0;77;71;71;78;1;0;0;0;1;0;1;0;1;0;1;1;1;1;0;0;1;0;1;1;1;1;0;1;1;0;1;0;1;1;1;0;1;0;1;0;1;0;0;1;1;0;1;1;1;1;0;1;1;0;0;0;1;0;1;0;1;0;1;1;1;1;0;0;1;0;1;1;1;1;0;1;1;0;1;0;1;1;1;0;1;0;1;0;1;0;0;1;1;0;1;1;1;1;0;1;1;0;0;0;1;0;1;0;1;0;1;1;1;1;0;0;1;0;1;1;1;1;0;1;1;0;1;0;1;1;1;0;1;0;1;0;1;0;0;1;1;0;1;1;1;1;0;1;1;0;0;0;1;0;1;0;1;0;1;1;1;1;0;0;1;0;1;1;1;1;0;1;1;0;1;0;1;1;1;0;1;0;1;0;1;0;0;1;1;0;1;1;1;1;0;1
46;0;1;1;1;1;0;1;1;1;0;0;1;0;1;1;0;0;1;1;1;0;0;0;1;1;0;1;0;Vila Rica Hotel;0;0;1;1;1;1;1;0;1;1;0;0;0;1;1;0;0;0;1;1;;;;;;;;;;;0;1;1;1;1;0;1;0;1;0;1;1;0;1;0;0;0;1;1;1;1;1;1;1;0;0;0;0;1;1;1;0;1;0;1;0;1;0;0;1;1;0;0;1;1;0;0;1;0;1;1;1;1;0;1;0;1;0;1;1;0;1;0;0;0;1;1;1;1;1;1;1;0;0;0;0;1;1;1;0;1;0;1;0;1;0;0;1;1;0;0;1;1;0;0;1;0;1;1;1;1;0;1;0;1;0;1;1;0;1;0;0;0;1;1;1;1;1;1;1;0;0;0;0;1;1;1;0;1;0;1;0;1;0;0;1;1;0;0;1;1;0;0;1;0;1;1;1;1;0;1;0;1;0;1;1;0;1;0;0;0;1;1;1;1;1;1;1;0;0;0;0;1;1;1;0;1;0;1;0;1;0;0;1;1;0;0;1;1;0;0;1
47;;;;;;;;;;;;;;;;;;;;;;;;;;;;;Vila Rica Hotel;;;;;;;;;;;;;;;;;;;;;Não avaliadoNão disponível;76;76;76;79;84.0;89;75;76;81;0;1;1;1;1;0;1;0;1;0;1;1;0;1;0;0;0;1;1;1;1;1;1;1;0;0;0;0;1;1;1;0;1;0;1;0;1;0;0;1;1;0;0;1;1;0;0;1;0;1;1;1;1;0;1;0;1;0;1;1;0;1;0;0;0;1;1;1;1;1;1;1;0;0;0;0;1;1;1;0;1;0;1;0;1;0;0;1;1;0;0;1;1;0;0;1;0;1;1;1;1;0;1;0;1;0;1;1;0;1;0;0;0;1;1;1;1;1;1;1;0;0;0;0;1;1;1;0;1;0;1;0;1;0;0;1;1;0;0;1;1;0;0;1;0;1;1;1;1;0;1;0;1;0;1;1;0;1;0;0;0;1;1;1;1;1;1;1;0;0;0;0;1;1;1;0;1;0;1;0;1;0;0;1;1;0;0;1;1;0;0;1
48;1;1;0;0;1;0;1;0;1;0;1;0;1;0;1;0;0;0;0;1;1;0;0;1;1;0;1;0;Courtyard Recife Boa Viagem;1;1;0;1;1;1;1;1;0;0;0;0;0;1;1;1;0;0;1;1;;;;;;;;;;;1;0;0;0;1;0;0;1;0;0;0;1;0;1;0;1;1;0;1;1;1;1;0;0;0;0;1;0;1;1;1;0;1;1;1;0;0;1;0;1;1;0;1;1;1;0;0;1;1;0;0;0;1;0;0;1;0;0;0;1;0;1;0;1;1;0;1;1;1;1;0;0;0;0;1;0;1;1;1;0;1;1;1;0;0;1;0;1;1;0;1;1;1;0;0;1;1;0;0;0;1;0;0;1;0;0;0;1;0;1;0;1;1;0;1;1;1;1;0;0;0;0;1;0;1;1;1;0;1;1;1;0;0;1;0;1;1;0;1;1;1;0;0;1;1;0;0;0;1;0;0;1;0;0;0;1;0;1;0;1;1;0;1;1;1;1;0;0;0;0;1;0;1;1;1;0;1;1;1;0;0;1;0;1;1;0;1;1;1;0;0;1
49;;;;;;;;;;;;;;;;;;;;;;;;;;;;;Courtyard Recife Boa Viagem;;;;;;;;;;;;;;;;;;;;;Não avaliadoNão disponível;77;89;82;85;90.0;85;88;85;87;1;0;0;0;1;0;0;1;0;0;0;1;0;1;0;1;1;0;1;1;1;1;0;0;0;0;1;0;1;1;1;0;1;1;1;0;0;1;0;1;1;0;1;1;1;0;0;1;1;0;0;0;1;0;0;1;0;0;0;1;0;1;0;1;1;0;1;1;1;1;0;0;0;0;1;0;1;1;1;0;1;1;1;0;0;1;0;1;1;0;1;1;1;0;0;1;1;0;0;0;1;0;0;1;0;0;0;1;0;1;0;1;1;0;1;1;1;1;0;0;0;0;1;0;1;1;1;0;1;1;1;0;0;1;0;1;1;0;1;1;1;0;0;1;1;0;0;0;1;0;0;1;0;0;0;1;0;1;0;1;1;0;1;1;1;1;0;0;0;0;1;0;1;1;1;0;1;1;1;0;0;1;0;1;1;0;1;1;1;0;0;1
50;0;1;0;1;1;0;1;0;1;0;0;1;0;1;1;0;0;1;0;1;0;0;0;1;1;0;1;0;ibis Recife Boa Viagem;1;0;0;1;1;1;0;1;0;0;0;0;0;0;1;0;0;0;1;1;;;;;;;;;;;0;0;1;0;1;0;1;0;1;0;1;1;0;1;0;1;0;0;1;1;1;0;0;0;0;0;0;0;1;1;1;0;1;0;1;0;0;0;0;1;1;0;1;1;0;0;0;1;0;0;1;0;1;0;1;0;1;0;1;1;0;1;0;1;0;0;1;1;1;0;0;0;0;0;0;0;1;1;1;0;1;0;1;0;0;0;0;1;1;0;1;1;0;0;0;1;0;0;1;0;1;0;1;0;1;0;1;1;0;1;0;1;0;0;1;1;1;0;0;0;0;0;0;0;1;1;1;0;1;0;1;0;0;0;0;1;1;0;1;1;0;0;0;1;0;0;1;0;1;0;1;0;1;0;1;1;0;1;0;1;0;0;1;1;1;0;0;0;0;0;0;0;1;1;1;0;1;0;1;0;0;0;0;1;1;0;1;1;0;0;0;1
51;;;;;;;;;;;;;;;;;;;;;;;;;;;;;ibis Recife Boa Viagem;;;;;;;;;;;;;;;;;;;;;Não avaliadoNão disponível;Não avaliadoNão disponível;84;80;Não avaliadoNão disponível;86.0;82;80;80;81;0;0;1;0;1;0;1;0;1;0;1;1;0;1;0;1;0;0;1;1;1;0;0;0;0;0;0;0;1;1;1;0;1;0;1;0;0;0;0;1;1;0;1;1;0;0;0;1;0;0;1;0;1;0;1;0;1;0;1;1;0;1;0;1;0;0;1;1;1;0;0;0;0;0;0;0;1;1;1;0;1;0;1;0;0;0;0;1;1;0;1;1;0;0;0;1;0;0;1;0;1;0;1;0;1;0;1;1;0;1;0;1;0;0;1;1;1;0;0;0;0;0;0;0;1;1;1;0;1;0;1;0;0;0;0;1;1;0;1;1;0;0;0;1;0;0;1;0;1;0;1;0;1;0;1;1;0;1;0;1;0;0;1;1;1;0;0;0;0;0;0;0;1;1;1;0;1;0;1;0;0;0;0;1;1;0;1;1;0;0;0;1
52;0;1;0;0;1;0;1;0;0;0;0;0;0;0;0;0;0;0;0;1;1;0;0;0;1;0;1;0;Veraneio;1;0;0;1;1;0;0;1;0;1;0;0;0;0;1;0;0;0;0;0;;;;;;;;;;;0;0;0;0;0;0;0;0;0;0;0;1;0;1;0;1;0;0;1;1;0;0;0;1;0;0;0;0;0;1;1;0;1;0;0;0;0;1;0;0;1;0;1;1;0;0;0;0;0;0;0;0;0;0;0;0;0;0;0;1;0;1;0;1;0;0;1;1;0;0;0;1;0;0;0;0;0;1;1;0;1;0;0;0;0;1;0;0;1;0;1;1;0;0;0;0;0;0;0;0;0;0;0;0;0;0;0;1;0;1;0;1;0;0;1;1;0;0;0;1;0;0;0;0;0;1;1;0;1;0;0;0;0;1;0;0;1;0;1;1;0;0;0;0;0;0;0;0;0;0;0;0;0;0;0;1;0;1;0;1;0;0;1;1;0;0;0;1;0;0;0;0;0;1;1;0;1;0;0;0;0;1;0;0;1;0;1;1;0;0;0;0
53;;;;;;;;;;;;;;;;;;;;;;;;;;;;;Veraneio;;;;;;;;;;;;;;;;;;;;;Não avaliadoNão disponível;78;71;77;73;80.0;81;73;74;78;0;0;0;0;0;0;0;0;0;0;0;1;0;1;0;1;0;0;1;1;0;0;0;1;0;0;0;0;0;1;1;0;1;0;0;0;0;1;0;0;1;0;1;1;0;0;0;0;0;0;0;0;0;0;0;0;0;0;0;1;0;1;0;1;0;0;1;1;0;0;0;1;0;0;0;0;0;1;1;0;1;0;0;0;0;1;0;0;1;0;1;1;0;0;0;0;0;0;0;0;0;0;0;0;0;0;0;1;0;1;0;1;0;0;1;1;0;0;0;1;0;0;0;0;0;1;1;0;1;0;0;0;0;1;0;0;1;0;1;1;0;0;0;0;0;0;0;0;0;0;0;0;0;0;0;1;0;1;0;1;0;0;1;1;0;0;0;1;0;0;0;0;0;1;1;0;1;0;0;0;0;1;0;0;1;0;1;1;0;0;0;0
54;1;1;0;0;1;0;1;1;1;1;0;1;0;1;1;1;1;1;0;1;0;0;1;1;1;0;1;0; Recife Flat service;0;1;1;1;1;1;1;1;1;1;0;0;1;1;1;0;0;1;1;1;;;;;;;;;;;1;0;0;1;1;1;1;0;1;1;1;1;1;1;0;0;1;1;1;1;1;1;1;1;0;0;0;0;1;1;1;0;1;0;1;1;0;0;0;1;1;0;1;1;1;1;1;1;1;0;0;1;1;1;1;0;1;1;1;1;1;1;0;0;1;1;1;1;1;1;1;1;0;0;0;0;1;1;1;0;1;0;1;1;0;0;0;1;1;0;1;1;1;1;1;1;1;0;0;1;1;1;1;0;1;1;1;1;1;1;0;0;1;1;1;1;1;1;1;1;0;0;0;0;1;1;1;0;1;0;1;1;0;0;0;1;1;0;1;1;1;1;1;1;1;0;0;1;1;1;1;0;1;1;1;1;1;1;0;0;1;1;1;1;1;1;1;1;0;0;0;0;1;1;1;0;1;0;1;1;0;0;0;1;1;0;1;1;1;1;1;1
55;;;;;;;;;;;;;;;;;;;;;;;;;;;;; Recife Flat service;;;;;;;;;;;;;;;;;;;;;72;Não avaliadoNão disponível;79;78;75;78.0;82;75;75;79;1;0;0;1;1;1;1;0;1;1;1;1;1;1;0;0;1;1;1;1;1;1;1;1;0;0;0;0;1;1;1;0;1;0;1;1;0;0;0;1;1;0;1;1;1;1;1;1;1;0;0;1;1;1;1;0;1;1;1;1;1;1;0;0;1;1;1;1;1;1;1;1;0;0;0;0;1;1;1;0;1;0;1;1;0;0;0;1;1;0;1;1;1;1;1;1;1;0;0;1;1;1;1;0;1;1;1;1;1;1;0;0;1;1;1;1;1;1;1;1;0;0;0;0;1;1;1;0;1;0;1;1;0;0;0;1;1;0;1;1;1;1;1;1;1;0;0;1;1;1;1;0;1;1;1;1;1;1;0;0;1;1;1;1;1;1;1;1;0;0;0;0;1;1;1;0;1;0;1;1;0;0;0;1;1;0;1;1;1;1;1;1
56;0;0;0;1;1;0;1;1;1;0;0;1;0;0;0;1;0;0;0;1;0;0;1;0;1;0;0;0;Aconchego Recife;1;1;0;0;1;1;0;1;0;1;0;0;0;1;1;1;0;0;1;0;;;;;;;;;;;0;0;1;1;1;0;1;0;0;1;0;1;1;1;0;1;1;0;0;1;1;0;0;1;0;0;1;0;1;0;1;0;1;0;0;0;0;0;0;0;0;0;1;1;1;0;0;0;0;0;1;1;1;0;1;0;0;1;0;1;1;1;0;1;1;0;0;1;1;0;0;1;0;0;1;0;1;0;1;0;1;0;0;0;0;0;0;0;0;0;1;1;1;0;0;0;0;0;1;1;1;0;1;0;0;1;0;1;1;1;0;1;1;0;0;1;1;0;0;1;0;0;1;0;1;0;1;0;1;0;0;0;0;0;0;0;0;0;1;1;1;0;0;0;0;0;1;1;1;0;1;0;0;1;0;1;1;1;0;1;1;0;0;1;1;0;0;1;0;0;1;0;1;0;1;0;1;0;0;0;0;0;0;0;0;0;1;1;1;0;0;0
57;;;;;;;;;;;;;;;;;;;;;;;;;;;;;Aconchego Recife;;;;;;;;;;;;;;;;;;;;;Não avaliadoNão disponível;Não avaliadoNão disponível;73;77;73;76.0;86;74;69;81;0;0;1;1;1;0;1;0;0;1;0;1;1;1;0;1;1;0;0;1;1;0;0;1;0;0;1;0;1;0;1;0;1;0;0;0;0;0;0;0;0;0;1;1;1;0;0;0;0;0;1;1;1;0;1;0;0;1;0;1;1;1;0;1;1;0;0;1;1;0;0;1;0;0;1;0;1;0;1;0;1;0;0;0;0;0;0;0;0;0;1;1;1;0;0;0;0;0;1;1;1;0;1;0;0;1;0;1;1;1;0;1;1;0;0;1;1;0;0;1;0;0;1;0;1;0;1;0;1;0;0;0;0;0;0;0;0;0;1;1;1;0;0;0;0;0;1;1;1;0;1;0;0;1;0;1;1;1;0;1;1;0;0;1;1;0;0;1;0;0;1;0;1;0;1;0;1;0;0;0;0;0;0;0;0;0;1;1;1;0;0;0
58;0;1;1;0;1;0;1;0;0;0;0;0;1;1;0;0;0;0;0;1;1;0;0;1;0;0;1;0;Navegantes Praia;1;0;0;0;1;1;0;0;0;0;0;0;0;1;1;1;1;0;1;1;;;;;;;;;;;0;1;0;0;0;0;0;1;1;0;0;1;0;0;0;1;0;0;0;1;1;0;0;0;0;0;1;1;1;1;1;0;1;0;0;0;0;1;0;1;1;0;0;1;1;0;0;1;0;1;0;0;0;0;0;1;1;0;0;1;0;0;0;1;0;0;0;1;1;0;0;0;0;0;1;1;1;1;1;0;1;0;0;0;0;1;0;1;1;0;0;1;1;0;0;1;0;1;0;0;0;0;0;1;1;0;0;1;0;0;0;1;0;0;0;1;1;0;0;0;0;0;1;1;1;1;1;0;1;0;0;0;0;1;0;1;1;0;0;1;1;0;0;1;0;1;0;0;0;0;0;1;1;0;0;1;0;0;0;1;0;0;0;1;1;0;0;0;0;0;1;1;1;1;1;0;1;0;0;0;0;1;0;1;1;0;0;1;1;0;0;1
59;;;;;;;;;;;;;;;;;;;;;;;;;;;;;Navegantes Praia;;;;;;;;;;;;;;;;;;;;;Não avaliadoNão disponível;Não avaliadoNão disponível;69;75;71;75.0;87;71;71;79;0;1;0;0;0;0;0;1;1;0;0;1;0;0;0;1;0;0;0;1;1;0;0;0;0;0;1;1;1;1;1;0;1;0;0;0;0;1;0;1;1;0;0;1;1;0;0;1;0;1;0;0;0;0;0;1;1;0;0;1;0;0;0;1;0;0;0;1;1;0;0;0;0;0;1;1;1;1;1;0;1;0;0;0;0;1;0;1;1;0;0;1;1;0;0;1;0;1;0;0;0;0;0;1;1;0;0;1;0;0;0;1;0;0;0;1;1;0;0;0;0;0;1;1;1;1;1;0;1;0;0;0;0;1;0;1;1;0;0;1;1;0;0;1;0;1;0;0;0;0;0;1;1;0;0;1;0;0;0;1;0;0;0;1;1;0;0;0;0;0;1;1;1;1;1;0;1;0;0;0;0;1;0;1;1;0;0;1;1;0;0;1
60;0;1;0;0;1;0;1;0;1;0;1;0;0;0;0;0;0;0;0;1;1;0;0;1;0;0;0;0;Novohotell Recife;1;0;0;1;1;0;0;0;0;1;1;0;1;1;1;1;0;1;1;1;;;;;;;;;;;0;0;0;0;1;0;0;0;0;0;0;1;0;0;0;1;0;0;1;1;0;0;0;1;1;0;1;0;1;1;1;0;1;1;0;0;0;1;0;1;0;0;0;1;1;1;1;1;0;0;0;0;1;0;0;0;0;0;0;1;0;0;0;1;0;0;1;1;0;0;0;1;1;0;1;0;1;1;1;0;1;1;0;0;0;1;0;1;0;0;0;1;1;1;1;1;0;0;0;0;1;0;0;0;0;0;0;1;0;0;0;1;0;0;1;1;0;0;0;1;1;0;1;0;1;1;1;0;1;1;0;0;0;1;0;1;0;0;0;1;1;1;1;1;0;0;0;0;1;0;0;0;0;0;0;1;0;0;0;1;0;0;1;1;0;0;0;1;1;0;1;0;1;1;1;0;1;1;0;0;0;1;0;1;0;0;0;1;1;1;1;1
61;;;;;;;;;;;;;;;;;;;;;;;;;;;;;Novohotell Recife;;;;;;;;;;;;;;;;;;;;;Não avaliadoNão disponível;Não avaliadoNão disponível;75;78;76;84.0;82;77;Não avaliadoNão disponível;83;0;0;0;0;1;0;0;0;0;0;0;1;0;0;0;1;0;0;1;1;0;0;0;1;1;0;1;0;1;1;1;0;1;1;0;0;0;1;0;1;0;0;0;1;1;1;1;1;0;0;0;0;1;0;0;0;0;0;0;1;0;0;0;1;0;0;1;1;0;0;0;1;1;0;1;0;1;1;1;0;1;1;0;0;0;1;0;1;0;0;0;1;1;1;1;1;0;0;0;0;1;0;0;0;0;0;0;1;0;0;0;1;0;0;1;1;0;0;0;1;1;0;1;0;1;1;1;0;1;1;0;0;0;1;0;1;0;0;0;1;1;1;1;1;0;0;0;0;1;0;0;0;0;0;0;1;0;0;0;1;0;0;1;1;0;0;0;1;1;0;1;0;1;1;1;0;1;1;0;0;0;1;0;1;0;0;0;1;1;1;1;1
62;0;1;0;0;1;0;1;0;1;0;0;0;0;0;0;0;1;0;1;1;0;0;1;0;1;0;0;0;Imperial Suites;0;1;0;0;0;1;0;0;0;1;0;0;0;1;1;1;0;0;0;1;;;;;;;;;;;0;0;0;0;1;0;0;0;0;0;0;1;1;1;0;0;1;0;0;0;1;0;0;1;0;0;1;0;0;1;1;0;1;0;0;1;1;0;0;0;0;0;0;1;1;0;0;1;0;0;0;0;1;0;0;0;0;0;0;1;1;1;0;0;1;0;0;0;1;0;0;1;0;0;1;0;0;1;1;0;1;0;0;1;1;0;0;0;0;0;0;1;1;0;0;1;0;0;0;0;1;0;0;0;0;0;0;1;1;1;0;0;1;0;0;0;1;0;0;1;0;0;1;0;0;1;1;0;1;0;0;1;1;0;0;0;0;0;0;1;1;0;0;1;0;0;0;0;1;0;0;0;0;0;0;1;1;1;0;0;1;0;0;0;1;0;0;1;0;0;1;0;0;1;1;0;1;0;0;1;1;0;0;0;0;0;0;1;1;0;0;1
63;;;;;;;;;;;;;;;;;;;;;;;;;;;;;Imperial Suites;;;;;;;;;;;;;;;;;;;;;Não avaliadoNão disponível;Não avaliadoNão disponível;81;84;81;83.0;88;Não avaliadoNão disponível;Não avaliadoNão disponível;86;0;0;0;0;1;0;0;0;0;0;0;1;1;1;0;0;1;0;0;0;1;0;0;1;0;0;1;0;0;1;1;0;1;0;0;1;1;0;0;0;0;0;0;1;1;0;0;1;0;0;0;0;1;0;0;0;0;0;0;1;1;1;0;0;1;0;0;0;1;0;0;1;0;0;1;0;0;1;1;0;1;0;0;1;1;0;0;0;0;0;0;1;1;0;0;1;0;0;0;0;1;0;0;0;0;0;0;1;1;1;0;0;1;0;0;0;1;0;0;1;0;0;1;0;0;1;1;0;1;0;0;1;1;0;0;0;0;0;0;1;1;0;0;1;0;0;0;0;1;0;0;0;0;0;0;1;1;1;0;0;1;0;0;0;1;0;0;1;0;0;1;0;0;1;1;0;1;0;0;1;1;0;0;0;0;0;0;1;1;0;0;1
64;0;1;0;0;1;0;1;0;0;0;0;0;0;0;0;0;0;1;0;1;0;0;0;0;0;0;0;0;Saveiro;1;0;0;0;1;0;0;0;0;1;0;0;0;1;1;0;0;0;0;1;;;;;;;;;;;0;0;0;0;0;0;0;0;0;0;1;1;0;0;0;1;0;0;0;1;0;0;0;1;0;0;0;0;0;1;1;0;1;0;0;0;0;0;0;0;0;0;0;1;1;0;0;1;0;0;0;0;0;0;0;0;0;0;1;1;0;0;0;1;0;0;0;1;0;0;0;1;0;0;0;0;0;1;1;0;1;0;0;0;0;0;0;0;0;0;0;1;1;0;0;1;0;0;0;0;0;0;0;0;0;0;1;1;0;0;0;1;0;0;0;1;0;0;0;1;0;0;0;0;0;1;1;0;1;0;0;0;0;0;0;0;0;0;0;1;1;0;0;1;0;0;0;0;0;0;0;0;0;0;1;1;0;0;0;1;0;0;0;1;0;0;0;1;0;0;0;0;0;1;1;0;1;0;0;0;0;0;0;0;0;0;0;1;1;0;0;1
65;;;;;;;;;;;;;;;;;;;;;;;;;;;;;Saveiro;;;;;;;;;;;;;;;;;;;;;Não avaliadoNão disponível;Não avaliadoNão disponível;71;78;71;78.0;87;Não avaliadoNão disponível;73;83;0;0;0;0;0;0;0;0;0;0;1;1;0;0;0;1;0;0;0;1;0;0;0;1;0;0;0;0;0;1;1;0;1;0;0;0;0;0;0;0;0;0;0;1;1;0;0;1;0;0;0;0;0;0;0;0;0;0;1;1;0;0;0;1;0;0;0;1;0;0;0;1;0;0;0;0;0;1;1;0;1;0;0;0;0;0;0;0;0;0;0;1;1;0;0;1;0;0;0;0;0;0;0;0;0;0;1;1;0;0;0;1;0;0;0;1;0;0;0;1;0;0;0;0;0;1;1;0;1;0;0;0;0;0;0;0;0;0;0;1;1;0;0;1;0;0;0;0;0;0;0;0;0;0;1;1;0;0;0;1;0;0;0;1;0;0;0;1;0;0;0;0;0;1;1;0;1;0;0;0;0;0;0;0;0;0;0;1;1;0;0;1
66;1;1;1;0;1;0;1;1;1;0;0;1;0;1;1;0;0;1;1;1;0;0;0;1;1;0;1;0;Marante Plaza;1;1;0;0;1;1;1;1;0;1;1;0;0;1;1;1;0;0;1;1;;;;;;;;;;;1;1;0;1;1;0;1;0;1;0;1;1;0;1;0;1;1;0;0;1;1;1;0;1;1;0;1;0;1;1;1;0;1;0;1;0;1;0;0;1;1;0;1;1;1;0;0;1;1;1;0;1;1;0;1;0;1;0;1;1;0;1;0;1;1;0;0;1;1;1;0;1;1;0;1;0;1;1;1;0;1;0;1;0;1;0;0;1;1;0;1;1;1;0;0;1;1;1;0;1;1;0;1;0;1;0;1;1;0;1;0;1;1;0;0;1;1;1;0;1;1;0;1;0;1;1;1;0;1;0;1;0;1;0;0;1;1;0;1;1;1;0;0;1;1;1;0;1;1;0;1;0;1;0;1;1;0;1;0;1;1;0;0;1;1;1;0;1;1;0;1;0;1;1;1;0;1;0;1;0;1;0;0;1;1;0;1;1;1;0;0;1
67;;;;;;;;;;;;;;;;;;;;;;;;;;;;;Marante Plaza;;;;;;;;;;;;;;;;;;;;;74;75;73;72;74;78.0;87;71;71;78;1;1;0;1;1;0;1;0;1;0;1;1;0;1;0;1;1;0;0;1;1;1;0;1;1;0;1;0;1;1;1;0;1;0;1;0;1;0;0;1;1;0;1;1;1;0;0;1;1;1;0;1;1;0;1;0;1;0;1;1;0;1;0;1;1;0;0;1;1;1;0;1;1;0;1;0;1;1;1;0;1;0;1;0;1;0;0;1;1;0;1;1;1;0;0;1;1;1;0;1;1;0;1;0;1;0;1;1;0;1;0;1;1;0;0;1;1;1;0;1;1;0;1;0;1;1;1;0;1;0;1;0;1;0;0;1;1;0;1;1;1;0;0;1;1;1;0;1;1;0;1;0;1;0;1;1;0;1;0;1;1;0;0;1;1;1;0;1;1;0;1;0;1;1;1;0;1;0;1;0;1;0;0;1;1;0;1;1;1;0;0;1
68;0;1;0;0;1;0;1;0;0;0;0;0;1;1;1;0;0;0;0;1;0;0;0;1;0;0;1;0;Enseada Aeroporto;1;0;0;1;1;0;0;1;0;1;0;0;1;1;1;0;0;0;1;1;;;;;;;;;;;0;0;0;0;0;0;0;1;1;0;0;1;0;0;0;1;0;0;1;1;0;0;0;1;0;0;0;0;1;1;1;0;1;0;1;0;0;0;0;1;1;0;1;1;1;1;0;1;0;0;0;0;0;0;0;1;1;0;0;1;0;0;0;1;0;0;1;1;0;0;0;1;0;0;0;0;1;1;1;0;1;0;1;0;0;0;0;1;1;0;1;1;1;1;0;1;0;0;0;0;0;0;0;1;1;0;0;1;0;0;0;1;0;0;1;1;0;0;0;1;0;0;0;0;1;1;1;0;1;0;1;0;0;0;0;1;1;0;1;1;1;1;0;1;0;0;0;0;0;0;0;1;1;0;0;1;0;0;0;1;0;0;1;1;0;0;0;1;0;0;0;0;1;1;1;0;1;0;1;0;0;0;0;1;1;0;1;1;1;1;0;1
69;;;;;;;;;;;;;;;;;;;;;;;;;;;;;Enseada Aeroporto;;;;;;;;;;;;;;;;;;;;;Não avaliadoNão disponível;Não avaliadoNão disponível;79;83;78;87.0;75;80;Não avaliadoNão disponível;78;0;0;0;0;0;0;0;1;1;0;0;1;0;0;0;1;0;0;1;1;0;0;0;1;0;0;0;0;1;1;1;0;1;0;1;0;0;0;0;1;1;0;1;1;1;1;0;1;0;0;0;0;0;0;0;1;1;0;0;1;0;0;0;1;0;0;1;1;0;0;0;1;0;0;0;0;1;1;1;0;1;0;1;0;0;0;0;1;1;0;1;1;1;1;0;1;0;0;0;0;0;0;0;1;1;0;0;1;0;0;0;1;0;0;1;1;0;0;0;1;0;0;0;0;1;1;1;0;1;0;1;0;0;0;0;1;1;0;1;1;1;1;0;1;0;0;0;0;0;0;0;1;1;0;0;1;0;0;0;1;0;0;1;1;0;0;0;1;0;0;0;0;1;1;1;0;1;0;1;0;0;0;0;1;1;0;1;1;1;1;0;1
70;1;1;0;1;1;0;1;0;1;0;0;1;0;0;1;0;1;1;0;1;0;0;0;1;1;0;1;0;Recife Plaza;1;1;0;1;1;1;1;1;0;1;0;0;0;1;1;0;0;0;1;1;;;;;;;;;;;1;0;1;0;1;0;1;0;0;0;1;1;0;1;0;1;1;0;1;1;1;1;0;1;0;0;0;0;1;1;1;0;1;0;1;1;0;0;0;1;1;0;1;1;1;0;0;1;1;0;1;0;1;0;1;0;0;0;1;1;0;1;0;1;1;0;1;1;1;1;0;1;0;0;0;0;1;1;1;0;1;0;1;1;0;0;0;1;1;0;1;1;1;0;0;1;1;0;1;0;1;0;1;0;0;0;1;1;0;1;0;1;1;0;1;1;1;1;0;1;0;0;0;0;1;1;1;0;1;0;1;1;0;0;0;1;1;0;1;1;1;0;0;1;1;0;1;0;1;0;1;0;0;0;1;1;0;1;0;1;1;0;1;1;1;1;0;1;0;0;0;0;1;1;1;0;1;0;1;1;0;0;0;1;1;0;1;1;1;0;0;1
71;;;;;;;;;;;;;;;;;;;;;;;;;;;;;Recife Plaza;;;;;;;;;;;;;;;;;;;;;76;77;65;68;67;70.0;78;64;70;74;1;0;1;0;1;0;1;0;0;0;1;1;0;1;0;1;1;0;1;1;1;1;0;1;0;0;0;0;1;1;1;0;1;0;1;1;0;0;0;1;1;0;1;1;1;0;0;1;1;0;1;0;1;0;1;0;0;0;1;1;0;1;0;1;1;0;1;1;1;1;0;1;0;0;0;0;1;1;1;0;1;0;1;1;0;0;0;1;1;0;1;1;1;0;0;1;1;0;1;0;1;0;1;0;0;0;1;1;0;1;0;1;1;0;1;1;1;1;0;1;0;0;0;0;1;1;1;0;1;0;1;1;0;0;0;1;1;0;1;1;1;0;0;1;1;0;1;0;1;0;1;0;0;0;1;1;0;1;0;1;1;0;1;1;1;1;0;1;0;0;0;0;1;1;1;0;1;0;1;1;0;0;0;1;1;0;1;1;1;0;0;1
72;0;1;0;0;1;0;1;0;0;0;0;0;0;0;0;0;0;0;0;1;0;0;0;1;0;0;1;0;Inter Hotel;0;0;0;0;1;1;0;0;0;1;0;0;0;0;1;0;0;0;1;1;;;;;;;;;;;0;0;0;0;0;0;0;0;0;0;0;1;0;0;0;0;0;0;0;1;1;0;0;1;0;0;0;0;1;1;1;0;1;0;0;0;0;0;0;1;1;0;0;1;0;0;0;1;0;0;0;0;0;0;0;0;0;0;0;1;0;0;0;0;0;0;0;1;1;0;0;1;0;0;0;0;1;1;1;0;1;0;0;0;0;0;0;1;1;0;0;1;0;0;0;1;0;0;0;0;0;0;0;0;0;0;0;1;0;0;0;0;0;0;0;1;1;0;0;1;0;0;0;0;1;1;1;0;1;0;0;0;0;0;0;1;1;0;0;1;0;0;0;1;0;0;0;0;0;0;0;0;0;0;0;1;0;0;0;0;0;0;0;1;1;0;0;1;0;0;0;0;1;1;1;0;1;0;0;0;0;0;0;1;1;0;0;1;0;0;0;1
73;;;;;;;;;;;;;;;;;;;;;;;;;;;;;Inter Hotel;;;;;;;;;;;;;;;;;;;;;Não avaliadoNão disponível;Não avaliadoNão disponível;75;79;74;82.0;80;79;73;84;0;0;0;0;0;0;0;0;0;0;0;1;0;0;0;0;0;0;0;1;1;0;0;1;0;0;0;0;1;1;1;0;1;0;0;0;0;0;0;1;1;0;0;1;0;0;0;1;0;0;0;0;0;0;0;0;0;0;0;1;0;0;0;0;0;0;0;1;1;0;0;1;0;0;0;0;1;1;1;0;1;0;0;0;0;0;0;1;1;0;0;1;0;0;0;1;0;0;0;0;0;0;0;0;0;0;0;1;0;0;0;0;0;0;0;1;1;0;0;1;0;0;0;0;1;1;1;0;1;0;0;0;0;0;0;1;1;0;0;1;0;0;0;1;0;0;0;0;0;0;0;0;0;0;0;1;0;0;0;0;0;0;0;1;1;0;0;1;0;0;0;0;1;1;1;0;1;0;0;0;0;0;0;1;1;0;0;1;0;0;0;1
74;0;1;0;0;1;0;1;0;1;0;0;0;0;1;0;0;0;1;0;1;0;0;1;1;1;0;1;0;Uzi Praia;0;1;0;1;1;1;0;0;0;1;0;0;0;1;1;1;1;0;0;1;;;;;;;;;;;0;0;0;0;1;0;0;0;1;0;1;1;1;1;0;0;1;0;1;1;1;0;0;1;0;0;1;1;0;1;1;0;1;0;0;0;0;0;0;1;1;0;0;1;1;0;0;1;0;0;0;0;1;0;0;0;1;0;1;1;1;1;0;0;1;0;1;1;1;0;0;1;0;0;1;1;0;1;1;0;1;0;0;0;0;0;0;1;1;0;0;1;1;0;0;1;0;0;0;0;1;0;0;0;1;0;1;1;1;1;0;0;1;0;1;1;1;0;0;1;0;0;1;1;0;1;1;0;1;0;0;0;0;0;0;1;1;0;0;1;1;0;0;1;0;0;0;0;1;0;0;0;1;0;1;1;1;1;0;0;1;0;1;1;1;0;0;1;0;0;1;1;0;1;1;0;1;0;0;0;0;0;0;1;1;0;0;1;1;0;0;1
75;;;;;;;;;;;;;;;;;;;;;;;;;;;;;Uzi Praia;;;;;;;;;;;;;;;;;;;;;Não avaliadoNão disponível;Não avaliadoNão disponível;72;80;74;79.0;86;74;71;78;0;0;0;0;1;0;0;0;1;0;1;1;1;1;0;0;1;0;1;1;1;0;0;1;0;0;1;1;0;1;1;0;1;0;0;0;0;0;0;1;1;0;0;1;1;0;0;1;0;0;0;0;1;0;0;0;1;0;1;1;1;1;0;0;1;0;1;1;1;0;0;1;0;0;1;1;0;1;1;0;1;0;0;0;0;0;0;1;1;0;0;1;1;0;0;1;0;0;0;0;1;0;0;0;1;0;1;1;1;1;0;0;1;0;1;1;1;0;0;1;0;0;1;1;0;1;1;0;1;0;0;0;0;0;0;1;1;0;0;1;1;0;0;1;0;0;0;0;1;0;0;0;1;0;1;1;1;1;0;0;1;0;1;1;1;0;0;1;0;0;1;1;0;1;1;0;1;0;0;0;0;0;0;1;1;0;0;1;1;0;0;1
76;0;1;0;0;1;0;1;0;1;0;0;0;0;1;0;0;0;0;0;1;0;1;0;0;1;0;0;0;Julieta;1;1;0;1;1;0;0;0;0;0;0;0;0;1;1;1;0;0;0;1;;;;;;;;;;;0;0;0;0;1;0;0;0;1;0;0;1;0;1;0;1;1;0;1;1;0;0;0;0;0;0;1;0;0;1;1;0;1;0;0;0;0;0;1;0;0;0;0;1;1;0;0;1;0;0;0;0;1;0;0;0;1;0;0;1;0;1;0;1;1;0;1;1;0;0;0;0;0;0;1;0;0;1;1;0;1;0;0;0;0;0;1;0;0;0;0;1;1;0;0;1;0;0;0;0;1;0;0;0;1;0;0;1;0;1;0;1;1;0;1;1;0;0;0;0;0;0;1;0;0;1;1;0;1;0;0;0;0;0;1;0;0;0;0;1;1;0;0;1;0;0;0;0;1;0;0;0;1;0;0;1;0;1;0;1;1;0;1;1;0;0;0;0;0;0;1;0;0;1;1;0;1;0;0;0;0;0;1;0;0;0;0;1;1;0;0;1
77;;;;;;;;;;;;;;;;;;;;;;;;;;;;;Julieta;;;;;;;;;;;;;;;;;;;;;Não avaliadoNão disponível;Não avaliadoNão disponível;78;84;77;86.0;89;Não avaliadoNão disponível;Não avaliadoNão disponível;86;0;0;0;0;1;0;0;0;1;0;0;1;0;1;0;1;1;0;1;1;0;0;0;0;0;0;1;0;0;1;1;0;1;0;0;0;0;0;1;0;0;0;0;1;1;0;0;1;0;0;0;0;1;0;0;0;1;0;0;1;0;1;0;1;1;0;1;1;0;0;0;0;0;0;1;0;0;1;1;0;1;0;0;0;0;0;1;0;0;0;0;1;1;0;0;1;0;0;0;0;1;0;0;0;1;0;0;1;0;1;0;1;1;0;1;1;0;0;0;0;0;0;1;0;0;1;1;0;1;0;0;0;0;0;1;0;0;0;0;1;1;0;0;1;0;0;0;0;1;0;0;0;1;0;0;1;0;1;0;1;1;0;1;1;0;0;0;0;0;0;1;0;0;1;1;0;1;0;0;0;0;0;1;0;0;0;0;1;1;0;0;1
78;0;1;0;1;1;0;1;0;0;0;0;0;1;0;1;0;0;1;0;1;0;1;0;1;0;0;0;1;Pousada Casuarinas;0;0;0;1;0;0;0;1;0;0;0;0;0;0;0;1;1;0;0;1;;;;;;;;;;;0;0;1;0;0;0;0;1;0;0;1;1;0;0;0;0;0;0;1;0;0;0;0;0;0;0;1;1;0;1;1;0;1;0;1;0;0;0;1;1;0;1;1;0;0;0;0;1;0;0;1;0;0;0;0;1;0;0;1;1;0;0;0;0;0;0;1;0;0;0;0;0;0;0;1;1;0;1;1;0;1;0;1;0;0;0;1;1;0;1;1;0;0;0;0;1;0;0;1;0;0;0;0;1;0;0;1;1;0;0;0;0;0;0;1;0;0;0;0;0;0;0;1;1;0;1;1;0;1;0;1;0;0;0;1;1;0;1;1;0;0;0;0;1;0;0;1;0;0;0;0;1;0;0;1;1;0;0;0;0;0;0;1;0;0;0;0;0;0;0;1;1;0;1;1;0;1;0;1;0;0;0;1;1;0;1;1;0;0;0;0;1
79;;;;;;;;;;;;;;;;;;;;;;;;;;;;;Pousada Casuarinas;;;;;;;;;;;;;;;;;;;;;Não avaliadoNão disponível;Não avaliadoNão disponível;82;85;81;86.0;85;Não avaliadoNão disponível;78;87;0;0;1;0;0;0;0;1;0;0;1;1;0;0;0;0;0;0;1;0;0;0;0;0;0;0;1;1;0;1;1;0;1;0;1;0;0;0;1;1;0;1;1;0;0;0;0;1;0;0;1;0;0;0;0;1;0;0;1;1;0;0;0;0;0;0;1;0;0;0;0;0;0;0;1;1;0;1;1;0;1;0;1;0;0;0;1;1;0;1;1;0;0;0;0;1;0;0;1;0;0;0;0;1;0;0;1;1;0;0;0;0;0;0;1;0;0;0;0;0;0;0;1;1;0;1;1;0;1;0;1;0;0;0;1;1;0;1;1;0;0;0;0;1;0;0;1;0;0;0;0;1;0;0;1;1;0;0;0;0;0;0;1;0;0;0;0;0;0;0;1;1;0;1;1;0;1;0;1;0;0;0;1;1;0;1;1;0;0;0;0;1
80;0;1;0;0;1;0;1;0;1;0;1;0;0;0;1;0;0;0;0;1;1;0;0;1;0;0;1;0;Kruger Home;1;0;0;0;1;1;1;0;0;1;1;0;0;1;1;1;0;0;1;1;;;;;;;;;;;0;0;0;0;1;0;0;0;0;0;0;1;0;0;0;1;0;0;0;1;1;1;0;1;1;0;1;0;1;1;1;0;1;1;1;0;0;1;0;1;1;0;0;1;1;0;0;1;0;0;0;0;1;0;0;0;0;0;0;1;0;0;0;1;0;0;0;1;1;1;0;1;1;0;1;0;1;1;1;0;1;1;1;0;0;1;0;1;1;0;0;1;1;0;0;1;0;0;0;0;1;0;0;0;0;0;0;1;0;0;0;1;0;0;0;1;1;1;0;1;1;0;1;0;1;1;1;0;1;1;1;0;0;1;0;1;1;0;0;1;1;0;0;1;0;0;0;0;1;0;0;0;0;0;0;1;0;0;0;1;0;0;0;1;1;1;0;1;1;0;1;0;1;1;1;0;1;1;1;0;0;1;0;1;1;0;0;1;1;0;0;1
81;;;;;;;;;;;;;;;;;;;;;;;;;;;;;Kruger Home;;;;;;;;;;;;;;;;;;;;;Não avaliadoNão disponível;Não avaliadoNão disponível;86;86;83;87.0;86;Não avaliadoNão disponível;Não avaliadoNão disponível;88;0;0;0;0;1;0;0;0;0;0;0;1;0;0;0;1;0;0;0;1;1;1;0;1;1;0;1;0;1;1;1;0;1;1;1;0;0;1;0;1;1;0;0;1;1;0;0;1;0;0;0;0;1;0;0;0;0;0;0;1;0;0;0;1;0;0;0;1;1;1;0;1;1;0;1;0;1;1;1;0;1;1;1;0;0;1;0;1;1;0;0;1;1;0;0;1;0;0;0;0;1;0;0;0;0;0;0;1;0;0;0;1;0;0;0;1;1;1;0;1;1;0;1;0;1;1;1;0;1;1;1;0;0;1;0;1;1;0;0;1;1;0;0;1;0;0;0;0;1;0;0;0;0;0;0;1;0;0;0;1;0;0;0;1;1;1;0;1;1;0;1;0;1;1;1;0;1;1;1;0;0;1;0;1;1;0;0;1;1;0;0;1
82;0;1;0;0;1;0;1;0;0;0;1;0;0;0;0;0;1;0;0;1;0;1;0;1;0;0;1;1;Pousada Villa Boa Vista;0;0;0;0;0;0;0;0;0;0;0;0;1;1;0;0;0;0;1;1;;;;;;;;;;;0;0;0;0;0;0;0;0;0;0;0;1;0;0;0;0;0;0;0;0;0;0;0;0;0;0;0;0;1;1;1;0;1;1;0;1;0;0;1;1;1;1;0;0;1;1;0;1;0;0;0;0;0;0;0;0;0;0;0;1;0;0;0;0;0;0;0;0;0;0;0;0;0;0;0;0;1;1;1;0;1;1;0;1;0;0;1;1;1;1;0;0;1;1;0;1;0;0;0;0;0;0;0;0;0;0;0;1;0;0;0;0;0;0;0;0;0;0;0;0;0;0;0;0;1;1;1;0;1;1;0;1;0;0;1;1;1;1;0;0;1;1;0;1;0;0;0;0;0;0;0;0;0;0;0;1;0;0;0;0;0;0;0;0;0;0;0;0;0;0;0;0;1;1;1;0;1;1;0;1;0;0;1;1;1;1;0;0;1;1;0;1
83;;;;;;;;;;;;;;;;;;;;;;;;;;;;;Pousada Villa Boa Vista;;;;;;;;;;;;;;;;;;;;;Não avaliadoNão disponível;Não avaliadoNão disponível;83;80;82;87.0;86;81;79;87;0;0;0;0;0;0;0;0;0;0;0;1;0;0;0;0;0;0;0;0;0;0;0;0;0;0;0;0;1;1;1;0;1;1;0;1;0;0;1;1;1;1;0;0;1;1;0;1;0;0;0;0;0;0;0;0;0;0;0;1;0;0;0;0;0;0;0;0;0;0;0;0;0;0;0;0;1;1;1;0;1;1;0;1;0;0;1;1;1;1;0;0;1;1;0;1;0;0;0;0;0;0;0;0;0;0;0;1;0;0;0;0;0;0;0;0;0;0;0;0;0;0;0;0;1;1;1;0;1;1;0;1;0;0;1;1;1;1;0;0;1;1;0;1;0;0;0;0;0;0;0;0;0;0;0;1;0;0;0;0;0;0;0;0;0;0;0;0;0;0;0;0;1;1;1;0;1;1;0;1;0;0;1;1;1;1;0;0;1;1;0;1
84;1;1;0;1;1;1;1;0;1;0;1;1;1;1;1;0;1;1;0;1;1;0;0;1;1;0;1;1;RecifeFlat CDU;1;1;0;1;1;1;1;1;0;1;0;0;1;1;1;0;0;0;1;1;;;;;;;;;;;1;0;1;0;1;0;1;1;1;0;1;1;0;1;0;1;1;0;1;1;1;1;0;1;0;0;0;0;1;1;1;1;1;1;1;1;0;1;0;1;1;1;1;1;1;1;0;1;1;0;1;0;1;0;1;1;1;0;1;1;0;1;0;1;1;0;1;1;1;1;0;1;0;0;0;0;1;1;1;1;1;1;1;1;0;1;0;1;1;1;1;1;1;1;0;1;1;0;1;0;1;0;1;1;1;0;1;1;0;1;0;1;1;0;1;1;1;1;0;1;0;0;0;0;1;1;1;1;1;1;1;1;0;1;0;1;1;1;1;1;1;1;0;1;1;0;1;0;1;0;1;1;1;0;1;1;0;1;0;1;1;0;1;1;1;1;0;1;0;0;0;0;1;1;1;1;1;1;1;1;0;1;0;1;1;1;1;1;1;1;0;1
85;;;;;;;;;;;;;;;;;;;;;;;;;;;;;RecifeFlat CDU;;;;;;;;;;;;;;;;;;;;;Não avaliadoNão disponível;Não avaliadoNão disponível;84;83;84;89.0;84;Não avaliadoNão disponível;Não avaliadoNão disponível;87;1;0;1;0;1;0;1;1;1;0;1;1;0;1;0;1;1;0;1;1;1;1;0;1;0;0;0;0;1;1;1;1;1;1;1;1;0;1;0;1;1;1;1;1;1;1;0;1;1;0;1;0;1;0;1;1;1;0;1;1;0;1;0;1;1;0;1;1;1;1;0;1;0;0;0;0;1;1;1;1;1;1;1;1;0;1;0;1;1;1;1;1;1;1;0;1;1;0;1;0;1;0;1;1;1;0;1;1;0;1;0;1;1;0;1;1;1;1;0;1;0;0;0;0;1;1;1;1;1;1;1;1;0;1;0;1;1;1;1;1;1;1;0;1;1;0;1;0;1;0;1;1;1;0;1;1;0;1;0;1;1;0;1;1;1;1;0;1;0;0;0;0;1;1;1;1;1;1;1;1;0;1;0;1;1;1;1;1;1;1;0;1
86;0;0;0;0;1;0;1;0;0;0;0;0;0;0;0;0;0;0;0;0;0;1;0;1;0;0;1;0;Mercure Recife Metropolis;1;0;0;0;1;0;0;0;0;0;0;0;1;0;1;0;0;0;1;0;;;;;;;;;;;0;0;0;0;0;0;0;0;0;0;0;0;0;0;0;1;0;0;0;1;0;0;0;0;0;0;0;0;1;0;1;0;1;0;0;0;0;0;1;1;1;0;0;1;0;1;0;0;0;0;0;0;0;0;0;0;0;0;0;0;0;0;0;1;0;0;0;1;0;0;0;0;0;0;0;0;1;0;1;0;1;0;0;0;0;0;1;1;1;0;0;1;0;1;0;0;0;0;0;0;0;0;0;0;0;0;0;0;0;0;0;1;0;0;0;1;0;0;0;0;0;0;0;0;1;0;1;0;1;0;0;0;0;0;1;1;1;0;0;1;0;1;0;0;0;0;0;0;0;0;0;0;0;0;0;0;0;0;0;1;0;0;0;1;0;0;0;0;0;0;0;0;1;0;1;0;1;0;0;0;0;0;1;1;1;0;0;1;0;1;0;0
87;;;;;;;;;;;;;;;;;;;;;;;;;;;;;Mercure Recife Metropolis;;;;;;;;;;;;;;;;;;;;;Não avaliadoNão disponível;78;82;75;81;83.0;80;78;81;84;0;0;0;0;0;0;0;0;0;0;0;0;0;0;0;1;0;0;0;1;0;0;0;0;0;0;0;0;1;0;1;0;1;0;0;0;0;0;1;1;1;0;0;1;0;1;0;0;0;0;0;0;0;0;0;0;0;0;0;0;0;0;0;1;0;0;0;1;0;0;0;0;0;0;0;0;1;0;1;0;1;0;0;0;0;0;1;1;1;0;0;1;0;1;0;0;0;0;0;0;0;0;0;0;0;0;0;0;0;0;0;1;0;0;0;1;0;0;0;0;0;0;0;0;1;0;1;0;1;0;0;0;0;0;1;1;1;0;0;1;0;1;0;0;0;0;0;0;0;0;0;0;0;0;0;0;0;0;0;1;0;0;0;1;0;0;0;0;0;0;0;0;1;0;1;0;1;0;0;0;0;0;1;1;1;0;0;1;0;1;0;0
88;1;1;0;1;1;0;1;0;1;0;1;1;1;1;1;1;0;1;0;1;1;0;1;1;1;1;1;0;Imperador Residence;1;1;1;1;1;1;1;1;1;1;0;0;0;1;1;0;0;0;1;1;;;;;;;;;;;1;0;1;0;1;0;1;1;1;1;1;1;1;1;1;1;1;1;1;1;1;1;1;1;0;0;0;0;1;1;1;0;1;1;1;0;0;1;0;1;1;0;1;1;1;0;0;1;1;0;1;0;1;0;1;1;1;1;1;1;1;1;1;1;1;1;1;1;1;1;1;1;0;0;0;0;1;1;1;0;1;1;1;0;0;1;0;1;1;0;1;1;1;0;0;1;1;0;1;0;1;0;1;1;1;1;1;1;1;1;1;1;1;1;1;1;1;1;1;1;0;0;0;0;1;1;1;0;1;1;1;0;0;1;0;1;1;0;1;1;1;0;0;1;1;0;1;0;1;0;1;1;1;1;1;1;1;1;1;1;1;1;1;1;1;1;1;1;0;0;0;0;1;1;1;0;1;1;1;0;0;1;0;1;1;0;1;1;1;0;0;1
89;;;;;;;;;;;;;;;;;;;;;;;;;;;;;Imperador Residence;;;;;;;;;;;;;;;;;;;;;Não avaliadoNão disponível;Não avaliadoNão disponível;63;72;63;72.0;76;Não avaliadoNão disponível;Não avaliadoNão disponível;79;1;0;1;0;1;0;1;1;1;1;1;1;1;1;1;1;1;1;1;1;1;1;1;1;0;0;0;0;1;1;1;0;1;1;1;0;0;1;0;1;1;0;1;1;1;0;0;1;1;0;1;0;1;0;1;1;1;1;1;1;1;1;1;1;1;1;1;1;1;1;1;1;0;0;0;0;1;1;1;0;1;1;1;0;0;1;0;1;1;0;1;1;1;0;0;1;1;0;1;0;1;0;1;1;1;1;1;1;1;1;1;1;1;1;1;1;1;1;1;1;0;0;0;0;1;1;1;0;1;1;1;0;0;1;0;1;1;0;1;1;1;0;0;1;1;0;1;0;1;0;1;1;1;1;1;1;1;1;1;1;1;1;1;1;1;1;1;1;0;0;0;0;1;1;1;0;1;1;1;0;0;1;0;1;1;0;1;1;1;0;0;1
90;0;0;0;1;1;0;1;0;1;0;0;0;0;0;1;0;0;0;0;1;0;1;1;0;1;0;0;0;LG Inn;0;1;0;1;1;1;0;1;0;1;0;0;0;0;1;0;0;0;1;0;;;;;;;;;;;0;0;1;0;1;0;0;0;0;0;0;1;1;1;0;0;1;0;1;1;1;0;0;1;0;0;0;0;1;0;1;0;1;0;1;0;0;0;1;0;0;0;1;1;0;0;0;0;0;0;1;0;1;0;0;0;0;0;0;1;1;1;0;0;1;0;1;1;1;0;0;1;0;0;0;0;1;0;1;0;1;0;1;0;0;0;1;0;0;0;1;1;0;0;0;0;0;0;1;0;1;0;0;0;0;0;0;1;1;1;0;0;1;0;1;1;1;0;0;1;0;0;0;0;1;0;1;0;1;0;1;0;0;0;1;0;0;0;1;1;0;0;0;0;0;0;1;0;1;0;0;0;0;0;0;1;1;1;0;0;1;0;1;1;1;0;0;1;0;0;0;0;1;0;1;0;1;0;1;0;0;0;1;0;0;0;1;1;0;0;0;0
91;;;;;;;;;;;;;;;;;;;;;;;;;;;;;LG Inn;;;;;;;;;;;;;;;;;;;;;Não avaliadoNão disponível;Não avaliadoNão disponível;78;73;77;79.0;85;76;74;74;0;0;1;0;1;0;0;0;0;0;0;1;1;1;0;0;1;0;1;1;1;0;0;1;0;0;0;0;1;0;1;0;1;0;1;0;0;0;1;0;0;0;1;1;0;0;0;0;0;0;1;0;1;0;0;0;0;0;0;1;1;1;0;0;1;0;1;1;1;0;0;1;0;0;0;0;1;0;1;0;1;0;1;0;0;0;1;0;0;0;1;1;0;0;0;0;0;0;1;0;1;0;0;0;0;0;0;1;1;1;0;0;1;0;1;1;1;0;0;1;0;0;0;0;1;0;1;0;1;0;1;0;0;0;1;0;0;0;1;1;0;0;0;0;0;0;1;0;1;0;0;0;0;0;0;1;1;1;0;0;1;0;1;1;1;0;0;1;0;0;0;0;1;0;1;0;1;0;1;0;0;0;1;0;0;0;1;1;0;0;0;0
92;0;1;0;0;1;0;1;0;1;0;0;0;0;1;1;0;1;0;0;1;0;0;0;1;0;0;0;0;Arcada Hotel e Bistrô;1;0;0;1;0;1;0;0;0;0;0;0;0;0;0;1;1;1;1;1;;;;;;;;;;;0;0;0;0;1;0;0;0;1;0;0;1;0;0;0;1;0;0;1;0;1;0;0;0;0;0;1;1;1;1;1;0;1;0;1;1;0;0;0;1;0;0;0;0;0;0;1;1;0;0;0;0;1;0;0;0;1;0;0;1;0;0;0;1;0;0;1;0;1;0;0;0;0;0;1;1;1;1;1;0;1;0;1;1;0;0;0;1;0;0;0;0;0;0;1;1;0;0;0;0;1;0;0;0;1;0;0;1;0;0;0;1;0;0;1;0;1;0;0;0;0;0;1;1;1;1;1;0;1;0;1;1;0;0;0;1;0;0;0;0;0;0;1;1;0;0;0;0;1;0;0;0;1;0;0;1;0;0;0;1;0;0;1;0;1;0;0;0;0;0;1;1;1;1;1;0;1;0;1;1;0;0;0;1;0;0;0;0;0;0;1;1
93;;;;;;;;;;;;;;;;;;;;;;;;;;;;;Arcada Hotel e Bistrô;;;;;;;;;;;;;;;;;;;;;71;Não avaliadoNão disponível;55;60;60;62.0;80;Não avaliadoNão disponível;60;68;0;0;0;0;1;0;0;0;1;0;0;1;0;0;0;1;0;0;1;0;1;0;0;0;0;0;1;1;1;1;1;0;1;0;1;1;0;0;0;1;0;0;0;0;0;0;1;1;0;0;0;0;1;0;0;0;1;0;0;1;0;0;0;1;0;0;1;0;1;0;0;0;0;0;1;1;1;1;1;0;1;0;1;1;0;0;0;1;0;0;0;0;0;0;1;1;0;0;0;0;1;0;0;0;1;0;0;1;0;0;0;1;0;0;1;0;1;0;0;0;0;0;1;1;1;1;1;0;1;0;1;1;0;0;0;1;0;0;0;0;0;0;1;1;0;0;0;0;1;0;0;0;1;0;0;1;0;0;0;1;0;0;1;0;1;0;0;0;0;0;1;1;1;1;1;0;1;0;1;1;0;0;0;1;0;0;0;0;0;0;1;1
94;0;1;1;0;1;0;1;0;1;0;0;1;0;0;1;1;0;0;0;1;0;1;1;0;1;0;1;0;Ramon;1;0;0;0;1;0;0;0;0;1;0;0;0;1;0;0;0;0;0;0;;;;;;;;;;;0;1;0;0;1;0;1;0;0;1;0;1;1;1;0;1;0;0;0;1;0;0;0;1;0;0;0;0;0;1;1;0;1;0;1;0;0;0;1;0;1;0;0;0;1;0;0;0;0;1;0;0;1;0;1;0;0;1;0;1;1;1;0;1;0;0;0;1;0;0;0;1;0;0;0;0;0;1;1;0;1;0;1;0;0;0;1;0;1;0;0;0;1;0;0;0;0;1;0;0;1;0;1;0;0;1;0;1;1;1;0;1;0;0;0;1;0;0;0;1;0;0;0;0;0;1;1;0;1;0;1;0;0;0;1;0;1;0;0;0;1;0;0;0;0;1;0;0;1;0;1;0;0;1;0;1;1;1;0;1;0;0;0;1;0;0;0;1;0;0;0;0;0;1;1;0;1;0;1;0;0;0;1;0;1;0;0;0;1;0;0;0
95;;;;;;;;;;;;;;;;;;;;;;;;;;;;;Ramon;;;;;;;;;;;;;;;;;;;;;Não avaliadoNão disponível;Não avaliadoNão disponível;75;83.0;76;80.0;86;Não avaliadoNão disponível;Não avaliadoNão disponível;83;0;1;0;0;1;0;1;0;0;1;0;1;1;1;0;1;0;0;0;1;0;0;0;1;0;0;0;0;0;1;1;0;1;0;1;0;0;0;1;0;1;0;0;0;1;0;0;0;0;1;0;0;1;0;1;0;0;1;0;1;1;1;0;1;0;0;0;1;0;0;0;1;0;0;0;0;0;1;1;0;1;0;1;0;0;0;1;0;1;0;0;0;1;0;0;0;0;1;0;0;1;0;1;0;0;1;0;1;1;1;0;1;0;0;0;1;0;0;0;1;0;0;0;0;0;1;1;0;1;0;1;0;0;0;1;0;1;0;0;0;1;0;0;0;0;1;0;0;1;0;1;0;0;1;0;1;1;1;0;1;0;0;0;1;0;0;0;1;0;0;0;0;0;1;1;0;1;0;1;0;0;0;1;0;1;0;0;0;1;0;0;0
96;0;1;0;0;1;0;1;0;1;0;1;1;1;0;1;1;0;1;0;1;0;0;0;1;1;0;1;0;Pousada da Praia;0;0;0;1;1;1;1;0;1;1;1;0;1;1;1;1;0;0;1;1;;;;;;;;;;;0;0;0;0;1;0;1;1;0;1;1;1;0;1;0;0;0;0;1;1;1;1;1;1;1;0;1;0;1;1;1;0;1;1;1;0;0;0;0;1;1;0;0;1;1;1;0;1;0;0;0;0;1;0;1;1;0;1;1;1;0;1;0;0;0;0;1;1;1;1;1;1;1;0;1;0;1;1;1;0;1;1;1;0;0;0;0;1;1;0;0;1;1;1;0;1;0;0;0;0;1;0;1;1;0;1;1;1;0;1;0;0;0;0;1;1;1;1;1;1;1;0;1;0;1;1;1;0;1;1;1;0;0;0;0;1;1;0;0;1;1;1;0;1;0;0;0;0;1;0;1;1;0;1;1;1;0;1;0;0;0;0;1;1;1;1;1;1;1;0;1;0;1;1;1;0;1;1;1;0;0;0;0;1;1;0;0;1;1;1;0;1
97;;;;;;;;;;;;;;;;;;;;;;;;;;;;;Pousada da Praia;;;;;;;;;;;;;;;;;;;;;Não avaliadoNão disponível;Não avaliadoNão disponível;66;74.0;67;77.0;83;76;Não avaliadoNão disponível;75;0;0;0;0;1;0;1;1;0;1;1;1;0;1;0;0;0;0;1;1;1;1;1;1;1;0;1;0;1;1;1;0;1;1;1;0;0;0;0;1;1;0;0;1;1;1;0;1;0;0;0;0;1;0;1;1;0;1;1;1;0;1;0;0;0;0;1;1;1;1;1;1;1;0;1;0;1;1;1;0;1;1;1;0;0;0;0;1;1;0;0;1;1;1;0;1;0;0;0;0;1;0;1;1;0;1;1;1;0;1;0;0;0;0;1;1;1;1;1;1;1;0;1;0;1;1;1;0;1;1;1;0;0;0;0;1;1;0;0;1;1;1;0;1;0;0;0;0;1;0;1;1;0;1;1;1;0;1;0;0;0;0;1;1;1;1;1;1;1;0;1;0;1;1;1;0;1;1;1;0;0;0;0;1;1;0;0;1;1;1;0;1
98;0;1;0;0;1;0;1;0;0;0;1;0;0;0;0;0;1;1;0;1;1;1;0;1;0;0;1;1;Boa Viagem;0;1;0;0;1;0;0;1;0;1;0;0;0;1;1;0;0;0;1;1;;;;;;;;;;;0;0;0;0;0;0;0;0;0;0;1;1;0;0;0;0;1;0;0;1;0;0;0;1;0;0;0;0;1;1;1;0;1;1;0;1;0;1;1;1;1;1;1;1;1;0;0;1;0;0;0;0;0;0;0;0;0;0;1;1;0;0;0;0;1;0;0;1;0;0;0;1;0;0;0;0;1;1;1;0;1;1;0;1;0;1;1;1;1;1;1;1;1;0;0;1;0;0;0;0;0;0;0;0;0;0;1;1;0;0;0;0;1;0;0;1;0;0;0;1;0;0;0;0;1;1;1;0;1;1;0;1;0;1;1;1;1;1;1;1;1;0;0;1;0;0;0;0;0;0;0;0;0;0;1;1;0;0;0;0;1;0;0;1;0;0;0;1;0;0;0;0;1;1;1;0;1;1;0;1;0;1;1;1;1;1;1;1;1;0;0;1
99;;;;;;;;;;;;;;;;;;;;;;;;;;;;;Boa Viagem;;;;;;;;;;;;;;;;;;;;;Não avaliadoNão disponível;Não avaliadoNão disponível;80;81.0;80;83.0;88;Não avaliadoNão disponível;Não avaliadoNão disponível;84;0;0;0;0;0;0;0;0;0;0;1;1;0;0;0;0;1;0;0;1;0;0;0;1;0;0;0;0;1;1;1;0;1;1;0;1;0;1;1;1;1;1;1;1;1;0;0;1;0;0;0;0;0;0;0;0;0;0;1;1;0;0;0;0;1;0;0;1;0;0;0;1;0;0;0;0;1;1;1;0;1;1;0;1;0;1;1;1;1;1;1;1;1;0;0;1;0;0;0;0;0;0;0;0;0;0;1;1;0;0;0;0;1;0;0;1;0;0;0;1;0;0;0;0;1;1;1;0;1;1;0;1;0;1;1;1;1;1;1;1;1;0;0;1;0;0;0;0;0;0;0;0;0;0;1;1;0;0;0;0;1;0;0;1;0;0;0;1;0;0;0;0;1;1;1;0;1;1;0;1;0;1;1;1;1;1;1;1;1;0;0;1
100;0;1;0;0;1;0;1;0;0;0;0;0;0;0;0;1;0;0;0;0;0;1;0;1;0;0;0;0;Beach Class Excelsior By Nobile;1;0;0;1;1;1;0;0;0;0;0;0;0;1;1;0;0;0;0;0;;;;;;;;;;;0;0;0;0;0;0;0;0;0;1;0;0;0;0;0;1;0;0;1;1;1;0;0;0;0;0;0;0;0;1;1;0;1;0;0;0;0;0;1;1;0;0;0;1;1;0;0;0;0;0;0;0;0;0;0;0;0;1;0;0;0;0;0;1;0;0;1;1;1;0;0;0;0;0;0;0;0;1;1;0;1;0;0;0;0;0;1;1;0;0;0;1;1;0;0;0;0;0;0;0;0;0;0;0;0;1;0;0;0;0;0;1;0;0;1;1;1;0;0;0;0;0;0;0;0;1;1;0;1;0;0;0;0;0;1;1;0;0;0;1;1;0;0;0;0;0;0;0;0;0;0;0;0;1;0;0;0;0;0;1;0;0;1;1;1;0;0;0;0;0;0;0;0;1;1;0;1;0;0;0;0;0;1;1;0;0;0;1;1;0;0;0
101;0;0;0;0;0;1;1;0;0;0;0;0;0;0;0;0;1;1;0;0;0;1;0;1;1;0;0;1;Guyamar;1;1;0;0;0;0;0;0;0;0;0;0;1;0;0;0;1;0;0;0;;;;;;;;;;;0;0;0;0;0;0;0;0;0;0;1;0;0;1;0;1;1;0;0;0;0;0;0;0;0;0;0;1;0;0;0;1;1;0;0;1;0;0;1;1;0;1;0;0;0;1;0;0;0;0;0;0;0;0;0;0;0;0;1;0;0;1;0;1;1;0;0;0;0;0;0;0;0;0;0;1;0;0;0;1;1;0;0;1;0;0;1;1;0;1;0;0;0;1;0;0;0;0;0;0;0;0;0;0;0;0;1;0;0;1;0;1;1;0;0;0;0;0;0;0;0;0;0;1;0;0;0;1;1;0;0;1;0;0;1;1;0;1;0;0;0;1;0;0;0;0;0;0;0;0;0;0;0;0;1;0;0;1;0;1;1;0;0;0;0;0;0;0;0;0;0;1;0;0;0;1;1;0;0;1;0;0;1;1;0;1;0;0;0;1;0;0
102;;;;;;;;;;;;;;;;;;;;;;;;;;;;;Guyamar;;;;;;;;;;;;;;;;;;;;;Não avaliadoNão disponível;Não avaliadoNão disponível;77;77;Não avaliadoNão disponível;82.0;84;Não avaliadoNão disponível;71;80;0;0;0;0;0;0;0;0;0;0;1;0;0;1;0;1;1;0;0;0;0;0;0;0;0;0;0;1;0;0;0;1;1;0;0;1;0;0;1;1;0;1;0;0;0;1;0;0;0;0;0;0;0;0;0;0;0;0;1;0;0;1;0;1;1;0;0;0;0;0;0;0;0;0;0;1;0;0;0;1;1;0;0;1;0;0;1;1;0;1;0;0;0;1;0;0;0;0;0;0;0;0;0;0;0;0;1;0;0;1;0;1;1;0;0;0;0;0;0;0;0;0;0;1;0;0;0;1;1;0;0;1;0;0;1;1;0;1;0;0;0;1;0;0;0;0;0;0;0;0;0;0;0;0;1;0;0;1;0;1;1;0;0;0;0;0;0;0;0;0;0;1;0;0;0;1;1;0;0;1;0;0;1;1;0;1;0;0;0;1;0;0
103;0;0;0;0;1;0;1;0;0;0;0;0;0;1;0;1;0;0;0;1;0;0;0;0;0;0;1;0;Jaqueira Home Service;0;0;0;1;1;0;0;1;0;0;0;0;0;0;0;0;0;0;1;0;;;;;;;;;;;0;0;0;0;0;0;0;0;1;1;0;1;0;0;0;0;0;0;1;1;0;0;0;0;0;0;0;0;1;0;1;0;1;0;0;0;0;0;0;0;1;0;1;0;0;0;0;0;0;0;0;0;0;0;0;0;1;1;0;1;0;0;0;0;0;0;1;1;0;0;0;0;0;0;0;0;1;0;1;0;1;0;0;0;0;0;0;0;1;0;1;0;0;0;0;0;0;0;0;0;0;0;0;0;1;1;0;1;0;0;0;0;0;0;1;1;0;0;0;0;0;0;0;0;1;0;1;0;1;0;0;0;0;0;0;0;1;0;1;0;0;0;0;0;0;0;0;0;0;0;0;0;1;1;0;1;0;0;0;0;0;0;1;1;0;0;0;0;0;0;0;0;1;0;1;0;1;0;0;0;0;0;0;0;1;0;1;0;0;0;0;0
104;;;;;;;;;;;;;;;;;;;;;;;;;;;;;Jaqueira Home Service;;;;;;;;;;;;;;;;;;;;;Não avaliadoNão disponível;Não avaliadoNão disponível;84;85.0;83;88.0;88;Não avaliadoNão disponível;Não avaliadoNão disponível;87;0;0;0;0;0;0;0;0;1;1;0;1;0;0;0;0;0;0;1;1;0;0;0;0;0;0;0;0;1;0;1;0;1;0;0;0;0;0;0;0;1;0;1;0;0;0;0;0;0;0;0;0;0;0;0;0;1;1;0;1;0;0;0;0;0;0;1;1;0;0;0;0;0;0;0;0;1;0;1;0;1;0;0;0;0;0;0;0;1;0;1;0;0;0;0;0;0;0;0;0;0;0;0;0;1;1;0;1;0;0;0;0;0;0;1;1;0;0;0;0;0;0;0;0;1;0;1;0;1;0;0;0;0;0;0;0;1;0;1;0;0;0;0;0;0;0;0;0;0;0;0;0;1;1;0;1;0;0;0;0;0;0;1;1;0;0;0;0;0;0;0;0;1;0;1;0;1;0;0;0;0;0;0;0;1;0;1;0;0;0;0;0
105;0;1;0;0;1;0;1;0;0;0;0;0;0;0;0;0;0;0;0;0;0;0;0;1;0;0;0;0;Pousada Praia Boa Viagem;0;1;0;1;1;0;0;0;0;0;0;0;0;0;0;1;0;0;1;1;;;;;;;;;;;0;0;0;0;0;0;0;0;0;0;0;0;0;0;0;0;1;0;1;1;0;0;0;0;0;0;1;0;1;1;1;0;1;0;0;0;0;0;0;1;0;0;0;0;0;0;0;1;0;0;0;0;0;0;0;0;0;0;0;0;0;0;0;0;1;0;1;1;0;0;0;0;0;0;1;0;1;1;1;0;1;0;0;0;0;0;0;1;0;0;0;0;0;0;0;1;0;0;0;0;0;0;0;0;0;0;0;0;0;0;0;0;1;0;1;1;0;0;0;0;0;0;1;0;1;1;1;0;1;0;0;0;0;0;0;1;0;0;0;0;0;0;0;1;0;0;0;0;0;0;0;0;0;0;0;0;0;0;0;0;1;0;1;1;0;0;0;0;0;0;1;0;1;1;1;0;1;0;0;0;0;0;0;1;0;0;0;0;0;0;0;1
106;;;;;;;;;;;;;;;;;;;;;;;;;;;;;Pousada Praia Boa Viagem;;;;;;;;;;;;;;;;;;;;;Não avaliadoNão disponível;Não avaliadoNão disponível;80;81.0;77;86.0;88;Não avaliadoNão disponível;Não avaliadoNão disponível;86;0;0;0;0;0;0;0;0;0;0;0;0;0;0;0;0;1;0;1;1;0;0;0;0;0;0;1;0;1;1;1;0;1;0;0;0;0;0;0;1;0;0;0;0;0;0;0;1;0;0;0;0;0;0;0;0;0;0;0;0;0;0;0;0;1;0;1;1;0;0;0;0;0;0;1;0;1;1;1;0;1;0;0;0;0;0;0;1;0;0;0;0;0;0;0;1;0;0;0;0;0;0;0;0;0;0;0;0;0;0;0;0;1;0;1;1;0;0;0;0;0;0;1;0;1;1;1;0;1;0;0;0;0;0;0;1;0;0;0;0;0;0;0;1;0;0;0;0;0;0;0;0;0;0;0;0;0;0;0;0;1;0;1;1;0;0;0;0;0;0;1;0;1;1;1;0;1;0;0;0;0;0;0;1;0;0;0;0;0;0;0;1
107;0;1;0;0;0;0;1;0;0;0;1;0;0;0;0;0;0;0;0;0;0;1;0;1;1;0;1;0;Raio de Sol;0;0;0;1;0;0;0;0;0;0;0;0;0;0;0;0;0;0;1;1;;;;;;;;;;;0;0;0;0;0;0;0;0;0;0;0;0;0;1;0;0;0;0;1;0;0;0;0;0;0;0;0;0;1;1;0;0;1;1;0;0;0;0;1;1;1;0;0;0;0;0;0;1;0;0;0;0;0;0;0;0;0;0;0;0;0;1;0;0;0;0;1;0;0;0;0;0;0;0;0;0;1;1;0;0;1;1;0;0;0;0;1;1;1;0;0;0;0;0;0;1;0;0;0;0;0;0;0;0;0;0;0;0;0;1;0;0;0;0;1;0;0;0;0;0;0;0;0;0;1;1;0;0;1;1;0;0;0;0;1;1;1;0;0;0;0;0;0;1;0;0;0;0;0;0;0;0;0;0;0;0;0;1;0;0;0;0;1;0;0;0;0;0;0;0;0;0;1;1;0;0;1;1;0;0;0;0;1;1;1;0;0;0;0;0;0;1
108;;;;;;;;;;;;;;;;;;;;;;;;;;;;;Raio de Sol;;;;;;;;;;;;;;;;;;;;;Não avaliadoNão disponível;Não avaliadoNão disponível;Não avaliadoNão disponível;77.0;72;80.0;84;72;Não avaliadoNão disponível;77;0;0;0;0;0;0;0;0;0;0;0;0;0;1;0;0;0;0;1;0;0;0;0;0;0;0;0;0;1;1;0;0;1;1;0;0;0;0;1;1;1;0;0;0;0;0;0;1;0;0;0;0;0;0;0;0;0;0;0;0;0;1;0;0;0;0;1;0;0;0;0;0;0;0;0;0;1;1;0;0;1;1;0;0;0;0;1;1;1;0;0;0;0;0;0;1;0;0;0;0;0;0;0;0;0;0;0;0;0;1;0;0;0;0;1;0;0;0;0;0;0;0;0;0;1;1;0;0;1;1;0;0;0;0;1;1;1;0;0;0;0;0;0;1;0;0;0;0;0;0;0;0;0;0;0;0;0;1;0;0;0;0;1;0;0;0;0;0;0;0;0;0;1;1;0;0;1;1;0;0;0;0;1;1;1;0;0;0;0;0;0;1
109;0;1;0;0;1;0;1;0;0;0;1;0;0;0;0;0;0;1;0;0;0;0;0;1;1;0;0;0;Casa da Boa Vista;0;0;0;1;0;1;0;0;0;0;0;0;0;0;1;1;0;0;1;1;;;;;;;;;;;0;0;0;0;0;0;0;0;0;0;1;0;0;1;0;0;0;0;1;0;1;0;0;0;0;0;1;0;1;1;1;0;1;1;0;0;0;0;0;1;0;0;0;1;0;0;0;1;0;0;0;0;0;0;0;0;0;0;1;0;0;1;0;0;0;0;1;0;1;0;0;0;0;0;1;0;1;1;1;0;1;1;0;0;0;0;0;1;0;0;0;1;0;0;0;1;0;0;0;0;0;0;0;0;0;0;1;0;0;1;0;0;0;0;1;0;1;0;0;0;0;0;1;0;1;1;1;0;1;1;0;0;0;0;0;1;0;0;0;1;0;0;0;1;0;0;0;0;0;0;0;0;0;0;1;0;0;1;0;0;0;0;1;0;1;0;0;0;0;0;1;0;1;1;1;0;1;1;0;0;0;0;0;1;0;0;0;1;0;0;0;1
110;;;;;;;;;;;;;;;;;;;;;;;;;;;;;Casa da Boa Vista;;;;;;;;;;;;;;;;;;;;;Não avaliadoNão disponível;Não avaliadoNão disponível;78;83.0;78;86.0;83;Não avaliadoNão disponível;Não avaliadoNão disponível;87;0;0;0;0;0;0;0;0;0;0;1;0;0;1;0;0;0;0;1;0;1;0;0;0;0;0;1;0;1;1;1;0;1;1;0;0;0;0;0;1;0;0;0;1;0;0;0;1;0;0;0;0;0;0;0;0;0;0;1;0;0;1;0;0;0;0;1;0;1;0;0;0;0;0;1;0;1;1;1;0;1;1;0;0;0;0;0;1;0;0;0;1;0;0;0;1;0;0;0;0;0;0;0;0;0;0;1;0;0;1;0;0;0;0;1;0;1;0;0;0;0;0;1;0;1;1;1;0;1;1;0;0;0;0;0;1;0;0;0;1;0;0;0;1;0;0;0;0;0;0;0;0;0;0;1;0;0;1;0;0;0;0;1;0;1;0;0;0;0;0;1;0;1;1;1;0;1;1;0;0;0;0;0;1;0;0;0;1;0;0;0;1
111;0;0;0;0;1;0;1;0;0;0;0;0;0;0;0;0;1;1;0;1;0;1;0;0;0;0;0;0;Fundação Cecosne;0;1;0;0;1;0;0;0;0;0;0;0;0;1;1;1;0;0;0;0;;;;;;;;;;;0;0;0;0;0;0;0;0;0;0;1;1;0;0;0;0;1;0;0;1;0;0;0;0;0;0;1;0;0;0;1;0;1;0;0;1;0;0;1;0;0;0;0;1;1;0;0;0;0;0;0;0;0;0;0;0;0;0;1;1;0;0;0;0;1;0;0;1;0;0;0;0;0;0;1;0;0;0;1;0;1;0;0;1;0;0;1;0;0;0;0;1;1;0;0;0;0;0;0;0;0;0;0;0;0;0;1;1;0;0;0;0;1;0;0;1;0;0;0;0;0;0;1;0;0;0;1;0;1;0;0;1;0;0;1;0;0;0;0;1;1;0;0;0;0;0;0;0;0;0;0;0;0;0;1;1;0;0;0;0;1;0;0;1;0;0;0;0;0;0;1;0;0;0;1;0;1;0;0;1;0;0;1;0;0;0;0;1;1;0;0;0
112;;;;;;;;;;;;;;;;;;;;;;;;;;;;;Fundação Cecosne;;;;;;;;;;;;;;;;;;;;;Não avaliadoNão disponível;Não avaliadoNão disponível;76;79;75;83.0;84;Não avaliadoNão disponível;79;85;0;0;0;0;0;0;0;0;0;0;1;1;0;0;0;0;1;0;0;1;0;0;0;0;0;0;1;0;0;0;1;0;1;0;0;1;0;0;1;0;0;0;0;1;1;0;0;0;0;0;0;0;0;0;0;0;0;0;1;1;0;0;0;0;1;0;0;1;0;0;0;0;0;0;1;0;0;0;1;0;1;0;0;1;0;0;1;0;0;0;0;1;1;0;0;0;0;0;0;0;0;0;0;0;0;0;1;1;0;0;0;0;1;0;0;1;0;0;0;0;0;0;1;0;0;0;1;0;1;0;0;1;0;0;1;0;0;0;0;1;1;0;0;0;0;0;0;0;0;0;0;0;0;0;1;1;0;0;0;0;1;0;0;1;0;0;0;0;0;0;1;0;0;0;1;0;1;0;0;1;0;0;1;0;0;0;0;1;1;0;0;0
113;0;1;0;0;1;1;1;0;1;0;0;0;0;1;0;1;0;1;1;1;0;0;1;0;1;0;0;0;Park Way Home Service;0;1;0;0;1;1;0;1;0;1;0;0;0;1;1;0;0;0;1;1;;;;;;;;;;;0;0;0;0;1;0;0;0;1;1;1;1;1;1;0;0;1;0;0;1;1;0;0;1;0;0;0;0;1;1;1;1;1;0;0;0;1;0;0;0;0;0;1;1;1;0;0;1;0;0;0;0;1;0;0;0;1;1;1;1;1;1;0;0;1;0;0;1;1;0;0;1;0;0;0;0;1;1;1;1;1;0;0;0;1;0;0;0;0;0;1;1;1;0;0;1;0;0;0;0;1;0;0;0;1;1;1;1;1;1;0;0;1;0;0;1;1;0;0;1;0;0;0;0;1;1;1;1;1;0;0;0;1;0;0;0;0;0;1;1;1;0;0;1;0;0;0;0;1;0;0;0;1;1;1;1;1;1;0;0;1;0;0;1;1;0;0;1;0;0;0;0;1;1;1;1;1;0;0;0;1;0;0;0;0;0;1;1;1;0;0;1
114;;;;;;;;;;;;;;;;;;;;;;;;;;;;;Park Way Home Service;;;;;;;;;;;;;;;;;;;;;Não avaliadoNão disponível;Não avaliadoNão disponível;77;80.0;77;79.0;84;Não avaliadoNão disponível;Não avaliadoNão disponível;81;0;0;0;0;1;0;0;0;1;1;1;1;1;1;0;0;1;0;0;1;1;0;0;1;0;0;0;0;1;1;1;1;1;0;0;0;1;0;0;0;0;0;1;1;1;0;0;1;0;0;0;0;1;0;0;0;1;1;1;1;1;1;0;0;1;0;0;1;1;0;0;1;0;0;0;0;1;1;1;1;1;0;0;0;1;0;0;0;0;0;1;1;1;0;0;1;0;0;0;0;1;0;0;0;1;1;1;1;1;1;0;0;1;0;0;1;1;0;0;1;0;0;0;0;1;1;1;1;1;0;0;0;1;0;0;0;0;0;1;1;1;0;0;1;0;0;0;0;1;0;0;0;1;1;1;1;1;1;0;0;1;0;0;1;1;0;0;1;0;0;0;0;1;1;1;1;1;0;0;0;1;0;0;0;0;0;1;1;1;0;0;1
115;0;1;0;0;1;0;1;0;1;0;0;0;0;0;0;0;1;1;0;1;0;1;0;0;1;0;0;1;Betel Beach Flat;0;1;0;0;1;0;0;1;0;0;0;0;0;1;0;0;0;0;1;1;;;;;;;;;;;0;0;0;0;1;0;0;0;0;0;1;1;0;1;0;0;1;0;0;1;0;0;0;0;0;0;0;0;1;1;1;0;1;0;0;1;0;0;1;0;0;1;1;0;1;0;0;1;0;0;0;0;1;0;0;0;0;0;1;1;0;1;0;0;1;0;0;1;0;0;0;0;0;0;0;0;1;1;1;0;1;0;0;1;0;0;1;0;0;1;1;0;1;0;0;1;0;0;0;0;1;0;0;0;0;0;1;1;0;1;0;0;1;0;0;1;0;0;0;0;0;0;0;0;1;1;1;0;1;0;0;1;0;0;1;0;0;1;1;0;1;0;0;1;0;0;0;0;1;0;0;0;0;0;1;1;0;1;0;0;1;0;0;1;0;0;0;0;0;0;0;0;1;1;1;0;1;0;0;1;0;0;1;0;0;1;1;0;1;0;0;1
116;;;;;;;;;;;;;;;;;;;;;;;;;;;;;Betel Beach Flat;;;;;;;;;;;;;;;;;;;;;Não avaliadoNão disponível;Não avaliadoNão disponível;80;79.0;80;83.0;84;Não avaliadoNão disponível;Não avaliadoNão disponível;84;0;0;0;0;1;0;0;0;0;0;1;1;0;1;0;0;1;0;0;1;0;0;0;0;0;0;0;0;1;1;1;0;1;0;0;1;0;0;1;0;0;1;1;0;1;0;0;1;0;0;0;0;1;0;0;0;0;0;1;1;0;1;0;0;1;0;0;1;0;0;0;0;0;0;0;0;1;1;1;0;1;0;0;1;0;0;1;0;0;1;1;0;1;0;0;1;0;0;0;0;1;0;0;0;0;0;1;1;0;1;0;0;1;0;0;1;0;0;0;0;0;0;0;0;1;1;1;0;1;0;0;1;0;0;1;0;0;1;1;0;1;0;0;1;0;0;0;0;1;0;0;0;0;0;1;1;0;1;0;0;1;0;0;1;0;0;0;0;0;0;0;0;1;1;1;0;1;0;0;1;0;0;1;0;0;1;1;0;1;0;0;1
117;0;1;0;0;1;0;1;0;0;0;0;0;0;1;0;1;0;0;0;1;0;0;0;1;1;0;1;0;Studio Portal dos Navegantes;1;0;0;0;1;0;0;1;0;1;1;0;0;1;1;0;0;0;0;0;;;;;;;;;;;0;0;0;0;0;0;0;0;1;1;0;1;0;1;0;1;0;0;0;1;0;0;0;1;1;0;0;0;0;1;1;0;1;0;0;0;0;0;0;1;1;0;1;1;1;0;0;0;0;0;0;0;0;0;0;0;1;1;0;1;0;1;0;1;0;0;0;1;0;0;0;1;1;0;0;0;0;1;1;0;1;0;0;0;0;0;0;1;1;0;1;1;1;0;0;0;0;0;0;0;0;0;0;0;1;1;0;1;0;1;0;1;0;0;0;1;0;0;0;1;1;0;0;0;0;1;1;0;1;0;0;0;0;0;0;1;1;0;1;1;1;0;0;0;0;0;0;0;0;0;0;0;1;1;0;1;0;1;0;1;0;0;0;1;0;0;0;1;1;0;0;0;0;1;1;0;1;0;0;0;0;0;0;1;1;0;1;1;1;0;0;0
118;;;;;;;;;;;;;;;;;;;;;;;;;;;;;Studio Portal dos Navegantes;;;;;;;;;;;;;;;;;;;;;;;;;;;Não avaliadoNão disponível;;Não avaliadoNão disponível;Não avaliadoNão disponível;0;0;0;0;0;0;0;0;1;1;0;1;0;1;0;1;0;0;0;1;0;0;0;1;1;0;0;0;0;1;1;0;1;0;0;0;0;0;0;1;1;0;1;1;1;0;0;0;0;0;0;0;0;0;0;0;1;1;0;1;0;1;0;1;0;0;0;1;0;0;0;1;1;0;0;0;0;1;1;0;1;0;0;0;0;0;0;1;1;0;1;1;1;0;0;0;0;0;0;0;0;0;0;0;1;1;0;1;0;1;0;1;0;0;0;1;0;0;0;1;1;0;0;0;0;1;1;0;1;0;0;0;0;0;0;1;1;0;1;1;1;0;0;0;0;0;0;0;0;0;0;0;1;1;0;1;0;1;0;1;0;0;0;1;0;0;0;1;1;0;0;0;0;1;1;0;1;0;0;0;0;0;0;1;1;0;1;1;1;0;0;0
119;0;1;0;0;1;0;1;0;0;0;0;0;0;1;0;1;0;0;0;1;0;0;0;1;0;0;1;0;Aquamar Praia;0;0;0;1;1;1;0;0;0;0;0;0;0;1;1;0;0;0;0;0;;;;;;;;;;;0;0;0;0;0;0;0;0;1;1;0;1;0;0;0;0;0;0;1;1;1;0;0;0;0;0;0;0;0;1;1;0;1;0;0;0;0;0;0;1;1;0;0;1;1;0;0;0;0;0;0;0;0;0;0;0;1;1;0;1;0;0;0;0;0;0;1;1;1;0;0;0;0;0;0;0;0;1;1;0;1;0;0;0;0;0;0;1;1;0;0;1;1;0;0;0;0;0;0;0;0;0;0;0;1;1;0;1;0;0;0;0;0;0;1;1;1;0;0;0;0;0;0;0;0;1;1;0;1;0;0;0;0;0;0;1;1;0;0;1;1;0;0;0;0;0;0;0;0;0;0;0;1;1;0;1;0;0;0;0;0;0;1;1;1;0;0;0;0;0;0;0;0;1;1;0;1;0;0;0;0;0;0;1;1;0;0;1;1;0;0;0
120;;;;;;;;;;;;;;;;;;;;;;;;;;;;;Aquamar Praia;;;;;;;;;;;;;;;;;;;;;Não avaliadoNão disponível;Não avaliadoNão disponível;68;73.0;71;76.0;85;71;73;72;0;0;0;0;0;0;0;0;1;1;0;1;0;0;0;0;0;0;1;1;1;0;0;0;0;0;0;0;0;1;1;0;1;0;0;0;0;0;0;1;1;0;0;1;1;0;0;0;0;0;0;0;0;0;0;0;1;1;0;1;0;0;0;0;0;0;1;1;1;0;0;0;0;0;0;0;0;1;1;0;1;0;0;0;0;0;0;1;1;0;0;1;1;0;0;0;0;0;0;0;0;0;0;0;1;1;0;1;0;0;0;0;0;0;1;1;1;0;0;0;0;0;0;0;0;1;1;0;1;0;0;0;0;0;0;1;1;0;0;1;1;0;0;0;0;0;0;0;0;0;0;0;1;1;0;1;0;0;0;0;0;0;1;1;1;0;0;0;0;0;0;0;0;1;1;0;1;0;0;0;0;0;0;1;1;0;0;1;1;0;0;0
121;0;1;0;1;1;1;1;0;0;0;0;0;0;0;0;0;0;0;0;0;0;1;0;1;1;0;1;0;Boa Viagem Apartment;0;0;0;1;0;1;0;0;0;0;0;0;0;0;0;1;1;1;1;1;;;;;;;;;;;0;0;1;0;0;0;0;0;0;0;0;0;0;1;0;0;0;0;1;0;1;0;0;0;0;0;1;1;1;1;1;1;1;0;0;0;0;0;1;1;1;0;0;0;0;0;1;1;0;0;1;0;0;0;0;0;0;0;0;0;0;1;0;0;0;0;1;0;1;0;0;0;0;0;1;1;1;1;1;1;1;0;0;0;0;0;1;1;1;0;0;0;0;0;1;1;0;0;1;0;0;0;0;0;0;0;0;0;0;1;0;0;0;0;1;0;1;0;0;0;0;0;1;1;1;1;1;1;1;0;0;0;0;0;1;1;1;0;0;0;0;0;1;1;0;0;1;0;0;0;0;0;0;0;0;0;0;1;0;0;0;0;1;0;1;0;0;0;0;0;1;1;1;1;1;1;1;0;0;0;0;0;1;1;1;0;0;0;0;0;1;1
122;;;;;;;;;;;;;;;;;;;;;;;;;;;;;Boa Viagem Apartment;;;;;;;;;;;;;;;;;;;;;Não avaliadoNão disponível;Não avaliadoNão disponível;81;82.0;83;87.0;87;Não avaliadoNão disponível;Não avaliadoNão disponível;84;0;0;1;0;0;0;0;0;0;0;0;0;0;1;0;0;0;0;1;0;1;0;0;0;0;0;1;1;1;1;1;1;1;0;0;0;0;0;1;1;1;0;0;0;0;0;1;1;0;0;1;0;0;0;0;0;0;0;0;0;0;1;0;0;0;0;1;0;1;0;0;0;0;0;1;1;1;1;1;1;1;0;0;0;0;0;1;1;1;0;0;0;0;0;1;1;0;0;1;0;0;0;0;0;0;0;0;0;0;1;0;0;0;0;1;0;1;0;0;0;0;0;1;1;1;1;1;1;1;0;0;0;0;0;1;1;1;0;0;0;0;0;1;1;0;0;1;0;0;0;0;0;0;0;0;0;0;1;0;0;0;0;1;0;1;0;0;0;0;0;1;1;1;1;1;1;1;0;0;0;0;0;1;1;1;0;0;0;0;0;1;1
123;0;1;0;1;0;0;0;0;0;0;0;1;1;0;0;0;0;0;0;1;0;0;0;1;1;0;0;0;Pousada do Forte;0;0;0;1;1;0;0;0;0;0;0;0;0;0;0;1;1;0;1;1;;;;;;;;;;;0;0;1;0;0;0;1;1;0;0;0;1;0;1;0;0;0;0;1;1;0;0;0;0;0;0;1;1;1;1;0;0;0;0;0;0;0;0;0;1;0;0;0;0;0;0;0;1;0;0;1;0;0;0;1;1;0;0;0;1;0;1;0;0;0;0;1;1;0;0;0;0;0;0;1;1;1;1;0;0;0;0;0;0;0;0;0;1;0;0;0;0;0;0;0;1;0;0;1;0;0;0;1;1;0;0;0;1;0;1;0;0;0;0;1;1;0;0;0;0;0;0;1;1;1;1;0;0;0;0;0;0;0;0;0;1;0;0;0;0;0;0;0;1;0;0;1;0;0;0;1;1;0;0;0;1;0;1;0;0;0;0;1;1;0;0;0;0;0;0;1;1;1;1;0;0;0;0;0;0;0;0;0;1;0;0;0;0;0;0;0;1
124;;;;;;;;;;;;;;;;;;;;;;;;;;;;;Pousada do Forte;;;;;;;;;;;;;;;;;;;;;Não avaliadoNão disponível;Não avaliadoNão disponível;77;77.0;75;82.0;75;Não avaliadoNão disponível;77;84;0;0;1;0;0;0;1;1;0;0;0;1;0;1;0;0;0;0;1;1;0;0;0;0;0;0;1;1;1;1;0;0;0;0;0;0;0;0;0;1;0;0;0;0;0;0;0;1;0;0;1;0;0;0;1;1;0;0;0;1;0;1;0;0;0;0;1;1;0;0;0;0;0;0;1;1;1;1;0;0;0;0;0;0;0;0;0;1;0;0;0;0;0;0;0;1;0;0;1;0;0;0;1;1;0;0;0;1;0;1;0;0;0;0;1;1;0;0;0;0;0;0;1;1;1;1;0;0;0;0;0;0;0;0;0;1;0;0;0;0;0;0;0;1;0;0;1;0;0;0;1;1;0;0;0;1;0;1;0;0;0;0;1;1;0;0;0;0;0;0;1;1;1;1;0;0;0;0;0;0;0;0;0;1;0;0;0;0;0;0;0;1
125;0;1;0;1;1;0;0;0;0;0;0;0;0;0;0;0;0;0;0;0;0;0;0;0;0;0;0;0;Hospedaria Casa Do Moinho;0;0;0;0;1;0;0;0;0;0;0;0;0;0;0;1;1;0;1;1;;;;;;;;;;;0;0;1;0;0;0;0;0;0;0;0;0;0;0;0;0;0;0;0;1;0;0;0;0;0;0;1;1;1;1;1;0;0;0;0;0;0;0;0;0;0;0;0;0;0;0;0;1;0;0;1;0;0;0;0;0;0;0;0;0;0;0;0;0;0;0;0;1;0;0;0;0;0;0;1;1;1;1;1;0;0;0;0;0;0;0;0;0;0;0;0;0;0;0;0;1;0;0;1;0;0;0;0;0;0;0;0;0;0;0;0;0;0;0;0;1;0;0;0;0;0;0;1;1;1;1;1;0;0;0;0;0;0;0;0;0;0;0;0;0;0;0;0;1;0;0;1;0;0;0;0;0;0;0;0;0;0;0;0;0;0;0;0;1;0;0;0;0;0;0;1;1;1;1;1;0;0;0;0;0;0;0;0;0;0;0;0;0;0;0;0;1
126;;;;;;;;;;;;;;;;;;;;;;;;;;;;;Hospedaria Casa Do Moinho;;;;;;;;;;;;;;;;;;;;;Não avaliadoNão disponível;Não avaliadoNão disponível;77;81.0;76;87.0;79;Não avaliadoNão disponível;Não avaliadoNão disponível;83;0;0;1;0;0;0;0;0;0;0;0;0;0;0;0;0;0;0;0;1;0;0;0;0;0;0;1;1;1;1;1;0;0;0;0;0;0;0;0;0;0;0;0;0;0;0;0;1;0;0;1;0;0;0;0;0;0;0;0;0;0;0;0;0;0;0;0;1;0;0;0;0;0;0;1;1;1;1;1;0;0;0;0;0;0;0;0;0;0;0;0;0;0;0;0;1;0;0;1;0;0;0;0;0;0;0;0;0;0;0;0;0;0;0;0;1;0;0;0;0;0;0;1;1;1;1;1;0;0;0;0;0;0;0;0;0;0;0;0;0;0;0;0;1;0;0;1;0;0;0;0;0;0;0;0;0;0;0;0;0;0;0;0;1;0;0;0;0;0;0;1;1;1;1;1;0;0;0;0;0;0;0;0;0;0;0;0;0;0;0;0;1
127;1;1;0;0;1;0;1;0;1;0;0;1;0;1;1;1;1;1;0;1;1;1;1;1;1;0;1;1;Mi Casa Su Casa;0;1;0;1;1;1;1;1;1;1;1;0;0;1;1;1;0;0;1;1;;;;;;;;;;;1;0;0;0;1;0;1;0;1;1;1;1;1;1;0;0;1;0;1;1;1;1;1;1;1;0;1;0;1;1;1;0;1;0;1;1;0;1;1;1;1;1;1;1;1;0;0;1;1;0;0;0;1;0;1;0;1;1;1;1;1;1;0;0;1;0;1;1;1;1;1;1;1;0;1;0;1;1;1;0;1;0;1;1;0;1;1;1;1;1;1;1;1;0;0;1;1;0;0;0;1;0;1;0;1;1;1;1;1;1;0;0;1;0;1;1;1;1;1;1;1;0;1;0;1;1;1;0;1;0;1;1;0;1;1;1;1;1;1;1;1;0;0;1;1;0;0;0;1;0;1;0;1;1;1;1;1;1;0;0;1;0;1;1;1;1;1;1;1;0;1;0;1;1;1;0;1;0;1;1;0;1;1;1;1;1;1;1;1;0;0;1
128;;;;;;;;;;;;;;;;;;;;;;;;;;;;;Mi Casa Su Casa;;;;;;;;;;;;;;;;;;;;;Não avaliadoNão disponível;Não avaliadoNão disponível;78;77.0;75;80.0;79;Não avaliadoNão disponível;Não avaliadoNão disponível;83;1;0;0;0;1;0;1;0;1;1;1;1;1;1;0;0;1;0;1;1;1;1;1;1;1;0;1;0;1;1;1;0;1;0;1;1;0;1;1;1;1;1;1;1;1;0;0;1;1;0;0;0;1;0;1;0;1;1;1;1;1;1;0;0;1;0;1;1;1;1;1;1;1;0;1;0;1;1;1;0;1;0;1;1;0;1;1;1;1;1;1;1;1;0;0;1;1;0;0;0;1;0;1;0;1;1;1;1;1;1;0;0;1;0;1;1;1;1;1;1;1;0;1;0;1;1;1;0;1;0;1;1;0;1;1;1;1;1;1;1;1;0;0;1;1;0;0;0;1;0;1;0;1;1;1;1;1;1;0;0;1;0;1;1;1;1;1;1;1;0;1;0;1;1;1;0;1;0;1;1;0;1;1;1;1;1;1;1;1;0;0;1
129;0;1;0;0;1;0;1;0;0;0;1;0;0;0;1;0;0;1;0;1;0;0;1;1;1;0;1;0;Albergue Cultural São Salomão;1;0;0;1;1;0;1;0;1;1;0;0;1;1;1;1;0;0;1;1;;;;;;;;;;;0;0;0;0;0;0;0;0;0;0;1;1;1;1;0;1;0;0;1;1;0;1;1;1;0;0;1;0;1;1;1;0;1;1;1;0;0;0;0;1;1;0;0;1;1;1;0;1;0;0;0;0;0;0;0;0;0;0;1;1;1;1;0;1;0;0;1;1;0;1;1;1;0;0;1;0;1;1;1;0;1;1;1;0;0;0;0;1;1;0;0;1;1;1;0;1;0;0;0;0;0;0;0;0;0;0;1;1;1;1;0;1;0;0;1;1;0;1;1;1;0;0;1;0;1;1;1;0;1;1;1;0;0;0;0;1;1;0;0;1;1;1;0;1;0;0;0;0;0;0;0;0;0;0;1;1;1;1;0;1;0;0;1;1;0;1;1;1;0;0;1;0;1;1;1;0;1;1;1;0;0;0;0;1;1;0;0;1;1;1;0;1
130;;;;;;;;;;;;;;;;;;;;;;;;;;;;;Albergue Cultural São Salomão;;;;;;;;;;;;;;;;;;;;;Não avaliadoNão disponível;Não avaliadoNão disponível;80;82;78;84.0;83;Não avaliadoNão disponível;Não avaliadoNão disponível;86;0;0;0;0;0;0;0;0;0;0;1;1;1;1;0;1;0;0;1;1;0;1;1;1;0;0;1;0;1;1;1;0;1;1;1;0;0;0;0;1;1;0;0;1;1;1;0;1;0;0;0;0;0;0;0;0;0;0;1;1;1;1;0;1;0;0;1;1;0;1;1;1;0;0;1;0;1;1;1;0;1;1;1;0;0;0;0;1;1;0;0;1;1;1;0;1;0;0;0;0;0;0;0;0;0;0;1;1;1;1;0;1;0;0;1;1;0;1;1;1;0;0;1;0;1;1;1;0;1;1;1;0;0;0;0;1;1;0;0;1;1;1;0;1;0;0;0;0;0;0;0;0;0;0;1;1;1;1;0;1;0;0;1;1;0;1;1;1;0;0;1;0;1;1;1;0;1;1;1;0;0;0;0;1;1;0;0;1;1;1;0;1
131;;;;;;;;;;;;;;;;;;;;;;;;;;;;;Albergue Cultural São Salomão;;;;;;;;;;;;;;;;;;;;;Não avaliadoNão disponível;Não avaliadoNão disponível;80;82;78;84.0;83;Não avaliadoNão disponível;Não avaliadoNão disponível;86;0;0;0;0;0;0;0;0;0;0;1;1;1;1;0;1;0;0;1;1;0;1;1;1;0;0;1;0;1;1;1;0;1;1;1;0;0;0;0;1;1;0;0;1;1;1;0;1;0;0;0;0;0;0;0;0;0;0;1;1;1;1;0;1;0;0;1;1;0;1;1;1;0;0;1;0;1;1;1;0;1;1;1;0;0;0;0;1;1;0;0;1;1;1;0;1;0;0;0;0;0;0;0;0;0;0;1;1;1;1;0;1;0;0;1;1;0;1;1;1;0;0;1;0;1;1;1;0;1;1;1;0;0;0;0;1;1;0;0;1;1;1;0;1;0;0;0;0;0;0;0;0;0;0;1;1;1;1;0;1;0;0;1;1;0;1;1;1;0;0;1;0;1;1;1;0;1;1;1;0;0;0;0;1;1;0;0;1;1;1;0;1
132;0;0;0;0;1;0;1;0;1;0;0;0;0;0;0;0;0;0;0;1;0;0;1;1;0;0;0;0;Bristol Recife Hotel & Convention;0;1;0;1;0;1;0;0;0;1;0;0;0;0;0;1;1;0;1;0;;;;;;;;;;;0;0;0;0;1;0;0;0;0;0;0;1;1;0;0;0;1;0;1;0;1;0;0;1;0;0;1;1;1;0;1;0;1;0;0;0;0;0;0;1;0;0;0;0;0;0;0;0;0;0;0;0;1;0;0;0;0;0;0;1;1;0;0;0;1;0;1;0;1;0;0;1;0;0;1;1;1;0;1;0;1;0;0;0;0;0;0;1;0;0;0;0;0;0;0;0;0;0;0;0;1;0;0;0;0;0;0;1;1;0;0;0;1;0;1;0;1;0;0;1;0;0;1;1;1;0;1;0;1;0;0;0;0;0;0;1;0;0;0;0;0;0;0;0;0;0;0;0;1;0;0;0;0;0;0;1;1;0;0;0;1;0;1;0;1;0;0;1;0;0;1;1;1;0;1;0;1;0;0;0;0;0;0;1;0;0;0;0;0;0;0;0
133;;;;;;;;;;;;;;;;;;;;;;;;;;;;;Bristol Recife Hotel & Convention;;;;;;;;;;;;;;;;;;;;;Não avaliadoNão disponível;Não avaliadoNão disponível;88;83.0;85;89.0;84;86;Não avaliadoNão disponível;84;0;0;0;0;1;0;0;0;0;0;0;1;1;0;0;0;1;0;1;0;1;0;0;1;0;0;1;1;1;0;1;0;1;0;0;0;0;0;0;1;0;0;0;0;0;0;0;0;0;0;0;0;1;0;0;0;0;0;0;1;1;0;0;0;1;0;1;0;1;0;0;1;0;0;1;1;1;0;1;0;1;0;0;0;0;0;0;1;0;0;0;0;0;0;0;0;0;0;0;0;1;0;0;0;0;0;0;1;1;0;0;0;1;0;1;0;1;0;0;1;0;0;1;1;1;0;1;0;1;0;0;0;0;0;0;1;0;0;0;0;0;0;0;0;0;0;0;0;1;0;0;0;0;0;0;1;1;0;0;0;1;0;1;0;1;0;0;1;0;0;1;1;1;0;1;0;1;0;0;0;0;0;0;1;0;0;0;0;0;0;0;0
134;0;1;1;1;1;0;1;0;0;0;1;0;1;0;0;0;0;1;1;1;0;0;0;1;0;0;1;0;Pousada Vitoria;0;0;0;1;1;0;0;1;0;1;0;0;1;1;0;0;0;0;1;1;;;;;;;;;;;0;1;1;0;0;0;0;1;0;0;1;1;0;0;0;0;0;0;1;1;0;0;0;1;0;0;0;0;1;1;1;0;1;1;0;0;1;0;0;1;1;0;1;0;1;1;0;1;0;1;1;0;0;0;0;1;0;0;1;1;0;0;0;0;0;0;1;1;0;0;0;1;0;0;0;0;1;1;1;0;1;1;0;0;1;0;0;1;1;0;1;0;1;1;0;1;0;1;1;0;0;0;0;1;0;0;1;1;0;0;0;0;0;0;1;1;0;0;0;1;0;0;0;0;1;1;1;0;1;1;0;0;1;0;0;1;1;0;1;0;1;1;0;1;0;1;1;0;0;0;0;1;0;0;1;1;0;0;0;0;0;0;1;1;0;0;0;1;0;0;0;0;1;1;1;0;1;1;0;0;1;0;0;1;1;0;1;0;1;1;0;1
135;;;;;;;;;;;;;;;;;;;;;;;;;;;;;Pousada Vitoria;;;;;;;;;;;;;;;;;;;;;Não avaliadoNão disponível;Não avaliadoNão disponível;79;80.0;80;84.0;86;Não avaliadoNão disponível;78;84;0;1;1;0;0;0;0;1;0;0;1;1;0;0;0;0;0;0;1;1;0;0;0;1;0;0;0;0;1;1;1;0;1;1;0;0;1;0;0;1;1;0;1;0;1;1;0;1;0;1;1;0;0;0;0;1;0;0;1;1;0;0;0;0;0;0;1;1;0;0;0;1;0;0;0;0;1;1;1;0;1;1;0;0;1;0;0;1;1;0;1;0;1;1;0;1;0;1;1;0;0;0;0;1;0;0;1;1;0;0;0;0;0;0;1;1;0;0;0;1;0;0;0;0;1;1;1;0;1;1;0;0;1;0;0;1;1;0;1;0;1;1;0;1;0;1;1;0;0;0;0;1;0;0;1;1;0;0;0;0;0;0;1;1;0;0;0;1;0;0;0;0;1;1;1;0;1;1;0;0;1;0;0;1;1;0;1;0;1;1;0;1
136;0;1;0;0;1;0;0;0;0;0;0;0;0;0;0;1;0;0;0;0;0;0;0;1;1;0;0;0;Palanca Negra;0;0;0;1;1;0;0;0;0;0;0;0;0;0;0;1;0;0;1;1;;;;;;;;;;;0;0;0;0;0;0;0;0;0;1;0;0;0;1;0;0;0;0;1;1;0;0;0;0;0;0;1;0;1;1;1;0;0;0;0;0;0;0;0;1;0;0;0;0;0;0;0;1;0;0;0;0;0;0;0;0;0;1;0;0;0;1;0;0;0;0;1;1;0;0;0;0;0;0;1;0;1;1;1;0;0;0;0;0;0;0;0;1;0;0;0;0;0;0;0;1;0;0;0;0;0;0;0;0;0;1;0;0;0;1;0;0;0;0;1;1;0;0;0;0;0;0;1;0;1;1;1;0;0;0;0;0;0;0;0;1;0;0;0;0;0;0;0;1;0;0;0;0;0;0;0;0;0;1;0;0;0;1;0;0;0;0;1;1;0;0;0;0;0;0;1;0;1;1;1;0;0;0;0;0;0;0;0;1;0;0;0;0;0;0;0;1
137;;;;;;;;;;;;;;;;;;;;;;;;;;;;;Palanca Negra;;;;;;;;;;;;;;;;;;;;;Não avaliadoNão disponível;Não avaliadoNão disponível;86;85.0;86;88.0;74;Não avaliadoNão disponível;Não avaliadoNão disponível;89;0;0;0;0;0;0;0;0;0;1;0;0;0;1;0;0;0;0;1;1;0;0;0;0;0;0;1;0;1;1;1;0;0;0;0;0;0;0;0;1;0;0;0;0;0;0;0;1;0;0;0;0;0;0;0;0;0;1;0;0;0;1;0;0;0;0;1;1;0;0;0;0;0;0;1;0;1;1;1;0;0;0;0;0;0;0;0;1;0;0;0;0;0;0;0;1;0;0;0;0;0;0;0;0;0;1;0;0;0;1;0;0;0;0;1;1;0;0;0;0;0;0;1;0;1;1;1;0;0;0;0;0;0;0;0;1;0;0;0;0;0;0;0;1;0;0;0;0;0;0;0;0;0;1;0;0;0;1;0;0;0;0;1;1;0;0;0;0;0;0;1;0;1;1;1;0;0;0;0;0;0;0;0;1;0;0;0;0;0;0;0;1
138;0;1;1;0;1;0;1;0;0;0;1;0;0;0;0;0;0;1;0;1;0;0;0;1;0;0;1;0;Exclusive inn;1;0;0;1;1;0;0;1;0;0;0;0;0;0;0;0;0;0;0;0;;;;;;;;;;;0;1;0;0;0;0;0;0;0;0;1;1;0;0;0;1;0;0;1;1;0;0;0;0;0;0;0;0;0;1;1;0;1;1;0;0;0;0;0;1;1;0;1;0;0;0;0;0;0;1;0;0;0;0;0;0;0;0;1;1;0;0;0;1;0;0;1;1;0;0;0;0;0;0;0;0;0;1;1;0;1;1;0;0;0;0;0;1;1;0;1;0;0;0;0;0;0;1;0;0;0;0;0;0;0;0;1;1;0;0;0;1;0;0;1;1;0;0;0;0;0;0;0;0;0;1;1;0;1;1;0;0;0;0;0;1;1;0;1;0;0;0;0;0;0;1;0;0;0;0;0;0;0;0;1;1;0;0;0;1;0;0;1;1;0;0;0;0;0;0;0;0;0;1;1;0;1;1;0;0;0;0;0;1;1;0;1;0;0;0;0;0
139;0;1;0;1;1;1;1;0;0;0;0;0;0;0;0;0;0;0;0;1;0;0;0;1;0;0;0;0;Estação do Mangue;1;1;1;0;1;1;0;1;1;1;1;0;1;0;1;0;0;0;0;1;;;;;;;;;;;0;0;1;0;0;0;0;0;0;0;0;1;0;0;0;1;1;1;0;1;1;0;1;1;1;0;0;0;0;1;1;1;1;0;0;0;0;0;0;1;0;0;1;1;0;1;0;1;0;0;1;0;0;0;0;0;0;0;0;1;0;0;0;1;1;1;0;1;1;0;1;1;1;0;0;0;0;1;1;1;1;0;0;0;0;0;0;1;0;0;1;1;0;1;0;1;0;0;1;0;0;0;0;0;0;0;0;1;0;0;0;1;1;1;0;1;1;0;1;1;1;0;0;0;0;1;1;1;1;0;0;0;0;0;0;1;0;0;1;1;0;1;0;1;0;0;1;0;0;0;0;0;0;0;0;1;0;0;0;1;1;1;0;1;1;0;1;1;1;0;0;0;0;1;1;1;1;0;0;0;0;0;0;1;0;0;1;1;0;1;0;1
140;;;;;;;;;;;;;;;;;;;;;;;;;;;;;Estação do Mangue;;;;;;;;;;;;;;;;;;;;;Não avaliadoNão disponível;Não avaliadoNão disponível;79;84.0;77;81.0;82;Não avaliadoNão disponível;80;88;0;0;1;0;0;0;0;0;0;0;0;1;0;0;0;1;1;1;0;1;1;0;1;1;1;0;0;0;0;1;1;1;1;0;0;0;0;0;0;1;0;0;1;1;0;1;0;1;0;0;1;0;0;0;0;0;0;0;0;1;0;0;0;1;1;1;0;1;1;0;1;1;1;0;0;0;0;1;1;1;1;0;0;0;0;0;0;1;0;0;1;1;0;1;0;1;0;0;1;0;0;0;0;0;0;0;0;1;0;0;0;1;1;1;0;1;1;0;1;1;1;0;0;0;0;1;1;1;1;0;0;0;0;0;0;1;0;0;1;1;0;1;0;1;0;0;1;0;0;0;0;0;0;0;0;1;0;0;0;1;1;1;0;1;1;0;1;1;1;0;0;0;0;1;1;1;1;0;0;0;0;0;0;1;0;0;1;1;0;1;0;1
141;1;1;0;0;1;1;1;0;0;0;1;0;0;0;0;0;1;1;0;1;1;1;0;1;1;1;1;1;Pousada Recife Inn;1;1;0;1;0;1;0;0;0;0;0;0;1;1;0;0;0;0;1;1;;;;;;;;;;;1;0;0;0;0;0;0;0;0;0;1;1;0;1;1;1;1;0;1;0;1;0;0;0;0;0;0;0;1;1;1;1;1;1;0;1;0;1;1;1;1;1;0;0;1;1;0;1;1;0;0;0;0;0;0;0;0;0;1;1;0;1;1;1;1;0;1;0;1;0;0;0;0;0;0;0;1;1;1;1;1;1;0;1;0;1;1;1;1;1;0;0;1;1;0;1;1;0;0;0;0;0;0;0;0;0;1;1;0;1;1;1;1;0;1;0;1;0;0;0;0;0;0;0;1;1;1;1;1;1;0;1;0;1;1;1;1;1;0;0;1;1;0;1;1;0;0;0;0;0;0;0;0;0;1;1;0;1;1;1;1;0;1;0;1;0;0;0;0;0;0;0;1;1;1;1;1;1;0;1;0;1;1;1;1;1;0;0;1;1;0;1
142;;;;;;;;;;;;;;;;;;;;;;;;;;;;;Pousada Recife Inn;;;;;;;;;;;;;;;;;;;;;Não avaliadoNão disponível;Não avaliadoNão disponível;69;73.0;71;75.0;73;74;74;76;1;0;0;0;0;0;0;0;0;0;1;1;0;1;1;1;1;0;1;0;1;0;0;0;0;0;0;0;1;1;1;1;1;1;0;1;0;1;1;1;1;1;0;0;1;1;0;1;1;0;0;0;0;0;0;0;0;0;1;1;0;1;1;1;1;0;1;0;1;0;0;0;0;0;0;0;1;1;1;1;1;1;0;1;0;1;1;1;1;1;0;0;1;1;0;1;1;0;0;0;0;0;0;0;0;0;1;1;0;1;1;1;1;0;1;0;1;0;0;0;0;0;0;0;1;1;1;1;1;1;0;1;0;1;1;1;1;1;0;0;1;1;0;1;1;0;0;0;0;0;0;0;0;0;1;1;0;1;1;1;1;0;1;0;1;0;0;0;0;0;0;0;1;1;1;1;1;1;0;1;0;1;1;1;1;1;0;0;1;1;0;1
143;1;1;0;0;1;1;1;0;0;0;1;0;0;0;0;0;1;1;0;1;1;1;0;1;1;1;1;1;Flat Navegantes;1;1;0;1;0;1;0;0;0;0;0;0;1;1;0;0;0;0;1;1;;;;;;;;;;;1;0;0;0;0;0;0;0;0;0;1;1;0;1;1;1;1;0;1;0;1;0;0;0;0;0;0;0;1;1;1;1;1;1;0;1;0;1;1;1;1;1;0;0;1;1;0;1;1;0;0;0;0;0;0;0;0;0;1;1;0;1;1;1;1;0;1;0;1;0;0;0;0;0;0;0;1;1;1;1;1;1;0;1;0;1;1;1;1;1;0;0;1;1;0;1;1;0;0;0;0;0;0;0;0;0;1;1;0;1;1;1;1;0;1;0;1;0;0;0;0;0;0;0;1;1;1;1;1;1;0;1;0;1;1;1;1;1;0;0;1;1;0;1;1;0;0;0;0;0;0;0;0;0;1;1;0;1;1;1;1;0;1;0;1;0;0;0;0;0;0;0;1;1;1;1;1;1;0;1;0;1;1;1;1;1;0;0;1;1;0;1
144;;;;;;;;;;;;;;;;;;;;;;;;;;;;;Flat Navegantes;;;;;;;;;;;;;;;;;;;;;Não avaliadoNão disponível;Não avaliadoNão disponível;81;81.0;80;82.0;88;Não avaliadoNão disponível;Não avaliadoNão disponível;86;1;0;0;0;0;0;0;0;0;0;1;1;0;1;1;1;1;0;1;0;1;0;0;0;0;0;0;0;1;1;1;1;1;1;0;1;0;1;1;1;1;1;0;0;1;1;0;1;1;0;0;0;0;0;0;0;0;0;1;1;0;1;1;1;1;0;1;0;1;0;0;0;0;0;0;0;1;1;1;1;1;1;0;1;0;1;1;1;1;1;0;0;1;1;0;1;1;0;0;0;0;0;0;0;0;0;1;1;0;1;1;1;1;0;1;0;1;0;0;0;0;0;0;0;1;1;1;1;1;1;0;1;0;1;1;1;1;1;0;0;1;1;0;1;1;0;0;0;0;0;0;0;0;0;1;1;0;1;1;1;1;0;1;0;1;0;0;0;0;0;0;0;1;1;1;1;1;1;0;1;0;1;1;1;1;1;0;0;1;1;0;1
145;0;0;0;0;1;1;1;0;0;0;0;0;0;0;0;0;0;0;0;1;0;0;0;0;0;0;0;0;Motel Devaneios;0;0;0;0;1;0;0;1;0;0;0;0;0;1;1;0;0;0;0;0;;;;;;;;;;;0;0;0;0;0;0;0;0;0;0;0;1;0;0;0;0;0;0;0;1;0;0;0;0;0;0;0;0;0;0;1;1;1;0;0;0;0;0;0;0;0;0;1;1;1;0;0;0;0;0;0;0;0;0;0;0;0;0;0;1;0;0;0;0;0;0;0;1;0;0;0;0;0;0;0;0;0;0;1;1;1;0;0;0;0;0;0;0;0;0;1;1;1;0;0;0;0;0;0;0;0;0;0;0;0;0;0;1;0;0;0;0;0;0;0;1;0;0;0;0;0;0;0;0;0;0;1;1;1;0;0;0;0;0;0;0;0;0;1;1;1;0;0;0;0;0;0;0;0;0;0;0;0;0;0;1;0;0;0;0;0;0;0;1;0;0;0;0;0;0;0;0;0;0;1;1;1;0;0;0;0;0;0;0;0;0;1;1;1;0;0;0
146;;;;;;;;;;;;;;;;;;;;;;;;;;;;;Motel Devaneios;;;;;;;;;;;;;;;;;;;;;Não avaliadoNão disponível;Não avaliadoNão disponível;77;78;76;81.0;82;Não avaliadoNão disponível;79;82;0;0;0;0;0;0;0;0;0;0;0;1;0;0;0;0;0;0;0;1;0;0;0;0;0;0;0;0;0;0;1;1;1;0;0;0;0;0;0;0;0;0;1;1;1;0;0;0;0;0;0;0;0;0;0;0;0;0;0;1;0;0;0;0;0;0;0;1;0;0;0;0;0;0;0;0;0;0;1;1;1;0;0;0;0;0;0;0;0;0;1;1;1;0;0;0;0;0;0;0;0;0;0;0;0;0;0;1;0;0;0;0;0;0;0;1;0;0;0;0;0;0;0;0;0;0;1;1;1;0;0;0;0;0;0;0;0;0;1;1;1;0;0;0;0;0;0;0;0;0;0;0;0;0;0;1;0;0;0;0;0;0;0;1;0;0;0;0;0;0;0;0;0;0;1;1;1;0;0;0;0;0;0;0;0;0;1;1;1;0;0;0
147;;;;;;;;;;;;;;;;;;;;;;;;;;;;;Motel Devaneios;;;;;;;;;;;;;;;;;;;;;Não avaliadoNão disponível;Não avaliadoNão disponível;77;78;76;81.0;82;Não avaliadoNão disponível;79;82;0;0;0;0;0;0;0;0;0;0;0;1;0;0;0;0;0;0;0;1;0;0;0;0;0;0;0;0;0;0;1;1;1;0;0;0;0;0;0;0;0;0;1;1;1;0;0;0;0;0;0;0;0;0;0;0;0;0;0;1;0;0;0;0;0;0;0;1;0;0;0;0;0;0;0;0;0;0;1;1;1;0;0;0;0;0;0;0;0;0;1;1;1;0;0;0;0;0;0;0;0;0;0;0;0;0;0;1;0;0;0;0;0;0;0;1;0;0;0;0;0;0;0;0;0;0;1;1;1;0;0;0;0;0;0;0;0;0;1;1;1;0;0;0;0;0;0;0;0;0;0;0;0;0;0;1;0;0;0;0;0;0;0;1;0;0;0;0;0;0;0;0;0;0;1;1;1;0;0;0;0;0;0;0;0;0;1;1;1;0;0;0
148;1;0;0;1;1;0;1;0;1;0;1;0;0;1;1;0;1;1;0;1;0;1;1;1;1;0;1;1;Apart Boa Viagem Seaview;1;1;0;1;0;1;0;0;0;1;0;0;1;0;1;1;0;1;1;0;;;;;;;;;;;1;0;1;0;1;0;0;0;1;0;1;1;1;1;0;1;1;0;1;0;1;0;0;1;0;0;1;0;1;0;1;0;1;1;1;1;0;0;1;1;1;1;0;1;0;1;1;0;1;0;1;0;1;0;0;0;1;0;1;1;1;1;0;1;1;0;1;0;1;0;0;1;0;0;1;0;1;0;1;0;1;1;1;1;0;0;1;1;1;1;0;1;0;1;1;0;1;0;1;0;1;0;0;0;1;0;1;1;1;1;0;1;1;0;1;0;1;0;0;1;0;0;1;0;1;0;1;0;1;1;1;1;0;0;1;1;1;1;0;1;0;1;1;0;1;0;1;0;1;0;0;0;1;0;1;1;1;1;0;1;1;0;1;0;1;0;0;1;0;0;1;0;1;0;1;0;1;1;1;1;0;0;1;1;1;1;0;1;0;1;1;0
149;;;;;;;;;;;;;;;;;;;;;;;;;;;;;Apart Boa Viagem Seaview;;;;;;;;;;;;;;;;;;;;;Não avaliadoNão disponível;Não avaliadoNão disponível;82;82.0;82;85.0;87;Não avaliadoNão disponível;Não avaliadoNão disponível;84;1;0;1;0;1;0;0;0;1;0;1;1;1;1;0;1;1;0;1;0;1;0;0;1;0;0;1;0;1;0;1;0;1;1;1;1;0;0;1;1;1;1;0;1;0;1;1;0;1;0;1;0;1;0;0;0;1;0;1;1;1;1;0;1;1;0;1;0;1;0;0;1;0;0;1;0;1;0;1;0;1;1;1;1;0;0;1;1;1;1;0;1;0;1;1;0;1;0;1;0;1;0;0;0;1;0;1;1;1;1;0;1;1;0;1;0;1;0;0;1;0;0;1;0;1;0;1;0;1;1;1;1;0;0;1;1;1;1;0;1;0;1;1;0;1;0;1;0;1;0;0;0;1;0;1;1;1;1;0;1;1;0;1;0;1;0;0;1;0;0;1;0;1;0;1;0;1;1;1;1;0;0;1;1;1;1;0;1;0;1;1;0
150;0;1;1;1;1;0;1;0;0;0;1;0;1;1;1;0;0;0;0;1;1;0;0;1;1;0;0;0;Hotel Pousada da Praça;0;0;0;1;1;0;0;0;0;0;0;0;0;1;0;1;1;1;1;1;;;;;;;;;;;0;1;1;0;0;0;0;1;1;0;0;1;0;1;0;0;0;0;1;1;0;0;0;0;0;0;1;1;1;1;1;0;1;1;1;0;0;1;0;1;0;0;0;0;1;0;1;1;0;1;1;0;0;0;0;1;1;0;0;1;0;1;0;0;0;0;1;1;0;0;0;0;0;0;1;1;1;1;1;0;1;1;1;0;0;1;0;1;0;0;0;0;1;0;1;1;0;1;1;0;0;0;0;1;1;0;0;1;0;1;0;0;0;0;1;1;0;0;0;0;0;0;1;1;1;1;1;0;1;1;1;0;0;1;0;1;0;0;0;0;1;0;1;1;0;1;1;0;0;0;0;1;1;0;0;1;0;1;0;0;0;0;1;1;0;0;0;0;0;0;1;1;1;1;1;0;1;1;1;0;0;1;0;1;0;0;0;0;1;0;1;1
151;;;;;;;;;;;;;;;;;;;;;;;;;;;;;Hotel Pousada da Praça;;;;;;;;;;;;;;;;;;;;;Não avaliadoNão disponível;Não avaliadoNão disponível;80;80.0;Não avaliadoNão disponível;84.0;88;Não avaliadoNão disponível;78;82;0;1;1;0;0;0;0;1;1;0;0;1;0;1;0;0;0;0;1;1;0;0;0;0;0;0;1;1;1;1;1;0;1;1;1;0;0;1;0;1;0;0;0;0;1;0;1;1;0;1;1;0;0;0;0;1;1;0;0;1;0;1;0;0;0;0;1;1;0;0;0;0;0;0;1;1;1;1;1;0;1;1;1;0;0;1;0;1;0;0;0;0;1;0;1;1;0;1;1;0;0;0;0;1;1;0;0;1;0;1;0;0;0;0;1;1;0;0;0;0;0;0;1;1;1;1;1;0;1;1;1;0;0;1;0;1;0;0;0;0;1;0;1;1;0;1;1;0;0;0;0;1;1;0;0;1;0;1;0;0;0;0;1;1;0;0;0;0;0;0;1;1;1;1;1;0;1;1;1;0;0;1;0;1;0;0;0;0;1;0;1;1
152;0;0;0;0;1;0;1;0;0;0;1;0;1;0;1;0;0;0;0;0;0;0;0;0;0;0;0;0;Sobrado;1;0;0;0;1;0;0;1;0;1;1;0;0;0;0;0;0;0;0;0;;;;;;;;;;;0;0;0;0;0;0;0;1;0;0;0;0;0;0;0;1;0;0;0;1;0;0;0;1;1;0;0;0;0;0;1;0;1;1;1;0;0;0;0;0;0;0;1;0;0;0;0;0;0;0;0;0;0;0;0;1;0;0;0;0;0;0;0;1;0;0;0;1;0;0;0;1;1;0;0;0;0;0;1;0;1;1;1;0;0;0;0;0;0;0;1;0;0;0;0;0;0;0;0;0;0;0;0;1;0;0;0;0;0;0;0;1;0;0;0;1;0;0;0;1;1;0;0;0;0;0;1;0;1;1;1;0;0;0;0;0;0;0;1;0;0;0;0;0;0;0;0;0;0;0;0;1;0;0;0;0;0;0;0;1;0;0;0;1;0;0;0;1;1;0;0;0;0;0;1;0;1;1;1;0;0;0;0;0;0;0;1;0;0;0;0;0
153;;;;;;;;;;;;;;;;;;;;;;;;;;;;;Sobrado;;;;;;;;;;;;;;;;;;;;;Não avaliadoNão disponível;Não avaliadoNão disponível;74;75.0;74;79.0;85;77;74;81;0;0;0;0;0;0;0;1;0;0;0;0;0;0;0;1;0;0;0;1;0;0;0;1;1;0;0;0;0;0;1;0;1;1;1;0;0;0;0;0;0;0;1;0;0;0;0;0;0;0;0;0;0;0;0;1;0;0;0;0;0;0;0;1;0;0;0;1;0;0;0;1;1;0;0;0;0;0;1;0;1;1;1;0;0;0;0;0;0;0;1;0;0;0;0;0;0;0;0;0;0;0;0;1;0;0;0;0;0;0;0;1;0;0;0;1;0;0;0;1;1;0;0;0;0;0;1;0;1;1;1;0;0;0;0;0;0;0;1;0;0;0;0;0;0;0;0;0;0;0;0;1;0;0;0;0;0;0;0;1;0;0;0;1;0;0;0;1;1;0;0;0;0;0;1;0;1;1;1;0;0;0;0;0;0;0;1;0;0;0;0;0
154;0;0;0;0;1;0;1;0;0;0;0;0;0;1;0;0;0;0;0;0;0;0;0;0;0;0;0;0;ibis Recife Aeroporto;1;0;0;0;1;0;0;1;1;0;0;0;0;0;0;0;0;0;0;0;;;;;;;;;;;0;0;0;0;0;0;0;0;1;0;0;0;0;0;0;1;0;0;0;1;0;0;1;0;0;0;0;0;0;0;1;0;1;0;0;0;0;0;0;0;0;0;1;0;0;0;0;0;0;0;0;0;0;0;0;0;1;0;0;0;0;0;0;1;0;0;0;1;0;0;1;0;0;0;0;0;0;0;1;0;1;0;0;0;0;0;0;0;0;0;1;0;0;0;0;0;0;0;0;0;0;0;0;0;1;0;0;0;0;0;0;1;0;0;0;1;0;0;1;0;0;0;0;0;0;0;1;0;1;0;0;0;0;0;0;0;0;0;1;0;0;0;0;0;0;0;0;0;0;0;0;0;1;0;0;0;0;0;0;1;0;0;0;1;0;0;1;0;0;0;0;0;0;0;1;0;1;0;0;0;0;0;0;0;0;0;1;0;0;0;0;0
155;0;1;0;0;1;0;1;0;1;0;0;0;0;0;0;1;0;0;0;1;0;0;0;1;1;0;0;0;Coqueiral;1;0;0;1;1;0;0;1;0;0;0;0;0;1;1;0;0;0;1;1;;;;;;;;;;;0;0;0;0;1;0;0;0;0;1;0;1;0;1;0;1;0;0;1;1;0;0;0;0;0;0;0;0;1;1;1;0;1;0;0;0;0;0;0;1;0;0;1;1;1;0;0;1;0;0;0;0;1;0;0;0;0;1;0;1;0;1;0;1;0;0;1;1;0;0;0;0;0;0;0;0;1;1;1;0;1;0;0;0;0;0;0;1;0;0;1;1;1;0;0;1;0;0;0;0;1;0;0;0;0;1;0;1;0;1;0;1;0;0;1;1;0;0;0;0;0;0;0;0;1;1;1;0;1;0;0;0;0;0;0;1;0;0;1;1;1;0;0;1;0;0;0;0;1;0;0;0;0;1;0;1;0;1;0;1;0;0;1;1;0;0;0;0;0;0;0;0;1;1;1;0;1;0;0;0;0;0;0;1;0;0;1;1;1;0;0;1
156;;;;;;;;;;;;;;;;;;;;;;;;;;;;;Coqueiral;;;;;;;;;;;;;;;;;;;;;Não avaliadoNão disponível;Não avaliadoNão disponível;79;85.0;77;86.0;90;78;77;90;0;0;0;0;1;0;0;0;0;1;0;1;0;1;0;1;0;0;1;1;0;0;0;0;0;0;0;0;1;1;1;0;1;0;0;0;0;0;0;1;0;0;1;1;1;0;0;1;0;0;0;0;1;0;0;0;0;1;0;1;0;1;0;1;0;0;1;1;0;0;0;0;0;0;0;0;1;1;1;0;1;0;0;0;0;0;0;1;0;0;1;1;1;0;0;1;0;0;0;0;1;0;0;0;0;1;0;1;0;1;0;1;0;0;1;1;0;0;0;0;0;0;0;0;1;1;1;0;1;0;0;0;0;0;0;1;0;0;1;1;1;0;0;1;0;0;0;0;1;0;0;0;0;1;0;1;0;1;0;1;0;0;1;1;0;0;0;0;0;0;0;0;1;1;1;0;1;0;0;0;0;0;0;1;0;0;1;1;1;0;0;1
157;1;1;0;1;1;0;1;0;1;0;0;0;0;0;1;0;0;1;1;1;1;1;0;1;1;0;1;1;Nobile Beach Class Santa Maria;0;1;0;0;1;1;0;0;1;1;0;0;1;0;1;1;0;0;1;1;;;;;;;;;;;1;0;1;0;1;0;0;0;0;0;1;1;0;1;0;0;1;0;0;1;1;0;1;1;0;0;1;0;1;1;1;0;1;0;1;0;1;1;1;1;1;1;0;1;0;1;0;1;1;0;1;0;1;0;0;0;0;0;1;1;0;1;0;0;1;0;0;1;1;0;1;1;0;0;1;0;1;1;1;0;1;0;1;0;1;1;1;1;1;1;0;1;0;1;0;1;1;0;1;0;1;0;0;0;0;0;1;1;0;1;0;0;1;0;0;1;1;0;1;1;0;0;1;0;1;1;1;0;1;0;1;0;1;1;1;1;1;1;0;1;0;1;0;1;1;0;1;0;1;0;0;0;0;0;1;1;0;1;0;0;1;0;0;1;1;0;1;1;0;0;1;0;1;1;1;0;1;0;1;0;1;1;1;1;1;1;0;1;0;1;0;1
158;0;1;0;0;0;0;1;0;0;0;0;0;0;0;0;0;0;0;0;1;0;0;0;1;0;0;0;0;Ramada Suites Recife Boa Viagem;0;0;0;0;0;0;0;0;0;0;0;0;0;0;0;0;0;0;1;0;;;;;;;;;;;0;0;0;0;0;0;0;0;0;0;0;1;0;0;0;0;0;0;0;0;0;0;0;0;0;0;0;0;1;1;0;0;1;0;0;0;0;0;0;1;0;0;0;0;0;0;0;0;0;0;0;0;0;0;0;0;0;0;0;1;0;0;0;0;0;0;0;0;0;0;0;0;0;0;0;0;1;1;0;0;1;0;0;0;0;0;0;1;0;0;0;0;0;0;0;0;0;0;0;0;0;0;0;0;0;0;0;1;0;0;0;0;0;0;0;0;0;0;0;0;0;0;0;0;1;1;0;0;1;0;0;0;0;0;0;1;0;0;0;0;0;0;0;0;0;0;0;0;0;0;0;0;0;0;0;1;0;0;0;0;0;0;0;0;0;0;0;0;0;0;0;0;1;1;0;0;1;0;0;0;0;0;0;1;0;0;0;0;0;0;0;0
159;0;1;0;0;1;0;1;0;0;0;0;0;1;0;0;0;0;0;0;1;0;0;0;1;0;1;1;1;Pousada Lorde Inglês;0;0;0;0;1;0;0;0;1;0;0;0;0;1;0;0;0;0;0;1;;;;;;;;;;;0;0;0;0;0;0;0;1;0;0;0;1;0;0;1;0;0;0;0;1;0;0;1;0;0;0;0;0;0;1;1;0;1;0;0;0;0;0;0;1;1;1;0;0;1;0;0;1;0;0;0;0;0;0;0;1;0;0;0;1;0;0;1;0;0;0;0;1;0;0;1;0;0;0;0;0;0;1;1;0;1;0;0;0;0;0;0;1;1;1;0;0;1;0;0;1;0;0;0;0;0;0;0;1;0;0;0;1;0;0;1;0;0;0;0;1;0;0;1;0;0;0;0;0;0;1;1;0;1;0;0;0;0;0;0;1;1;1;0;0;1;0;0;1;0;0;0;0;0;0;0;1;0;0;0;1;0;0;1;0;0;0;0;1;0;0;1;0;0;0;0;0;0;1;1;0;1;0;0;0;0;0;0;1;1;1;0;0;1;0;0;1
160;0;0;0;0;1;0;1;0;0;0;0;0;0;0;1;0;0;1;0;1;0;0;1;1;1;0;0;0;Suites Residence;1;1;0;0;1;1;1;0;0;0;0;0;1;1;1;0;0;0;0;0;;;;;;;;;;;0;0;0;0;0;0;0;0;0;0;1;1;1;1;0;1;1;0;0;1;1;1;0;0;0;0;0;0;0;0;1;0;1;0;1;0;0;0;0;1;0;0;0;1;1;1;0;0;0;0;0;0;0;0;0;0;0;0;1;1;1;1;0;1;1;0;0;1;1;1;0;0;0;0;0;0;0;0;1;0;1;0;1;0;0;0;0;1;0;0;0;1;1;1;0;0;0;0;0;0;0;0;0;0;0;0;1;1;1;1;0;1;1;0;0;1;1;1;0;0;0;0;0;0;0;0;1;0;1;0;1;0;0;0;0;1;0;0;0;1;1;1;0;0;0;0;0;0;0;0;0;0;0;0;1;1;1;1;0;1;1;0;0;1;1;1;0;0;0;0;0;0;0;0;1;0;1;0;1;0;0;0;0;1;0;0;0;1;1;1;0;0
161;0;1;0;0;1;0;0;0;0;0;0;0;0;1;0;0;0;1;0;1;0;0;0;0;0;0;0;0;Mediterraneo;0;0;0;0;1;0;0;0;0;0;0;0;0;0;0;1;0;0;1;1;;;;;;;;;;;0;0;0;0;0;0;0;0;1;0;1;1;0;0;0;0;0;0;0;1;0;0;0;0;0;0;1;0;1;1;1;0;0;0;0;0;0;0;0;0;0;0;0;0;0;0;0;1;0;0;0;0;0;0;0;0;1;0;1;1;0;0;0;0;0;0;0;1;0;0;0;0;0;0;1;0;1;1;1;0;0;0;0;0;0;0;0;0;0;0;0;0;0;0;0;1;0;0;0;0;0;0;0;0;1;0;1;1;0;0;0;0;0;0;0;1;0;0;0;0;0;0;1;0;1;1;1;0;0;0;0;0;0;0;0;0;0;0;0;0;0;0;0;1;0;0;0;0;0;0;0;0;1;0;1;1;0;0;0;0;0;0;0;1;0;0;0;0;0;0;1;0;1;1;1;0;0;0;0;0;0;0;0;0;0;0;0;0;0;0;0;1
162;1;1;0;0;1;0;1;0;1;0;0;1;0;0;0;1;0;1;0;1;0;0;0;0;1;0;0;0;Vila Rica;0;1;0;0;1;1;0;0;0;1;0;0;0;0;1;1;1;0;1;1;;;;;;;;;;;1;0;0;0;1;0;1;0;0;1;1;1;0;1;0;0;1;0;0;1;1;0;0;1;0;0;1;1;1;1;1;0;1;0;0;0;0;0;0;0;0;0;0;1;0;0;0;1;1;0;0;0;1;0;1;0;0;1;1;1;0;1;0;0;1;0;0;1;1;0;0;1;0;0;1;1;1;1;1;0;1;0;0;0;0;0;0;0;0;0;0;1;0;0;0;1;1;0;0;0;1;0;1;0;0;1;1;1;0;1;0;0;1;0;0;1;1;0;0;1;0;0;1;1;1;1;1;0;1;0;0;0;0;0;0;0;0;0;0;1;0;0;0;1;1;0;0;0;1;0;1;0;0;1;1;1;0;1;0;0;1;0;0;1;1;0;0;1;0;0;1;1;1;1;1;0;1;0;0;0;0;0;0;0;0;0;0;1;0;0;0;1
163;0;1;0;0;1;0;0;0;0;0;1;0;0;1;0;0;0;0;0;1;0;0;0;1;0;0;0;0;Betel Flat  Executive;0;0;1;0;0;0;0;0;0;0;0;0;1;1;0;1;0;0;1;1;;;;;;;;;;;0;0;0;0;0;0;0;0;1;0;0;1;0;0;0;0;0;1;0;0;0;0;0;0;0;0;1;0;1;1;1;0;0;1;0;0;0;0;0;1;0;0;0;0;1;1;0;1;0;0;0;0;0;0;0;0;1;0;0;1;0;0;0;0;0;1;0;0;0;0;0;0;0;0;1;0;1;1;1;0;0;1;0;0;0;0;0;1;0;0;0;0;1;1;0;1;0;0;0;0;0;0;0;0;1;0;0;1;0;0;0;0;0;1;0;0;0;0;0;0;0;0;1;0;1;1;1;0;0;1;0;0;0;0;0;1;0;0;0;0;1;1;0;1;0;0;0;0;0;0;0;0;1;0;0;1;0;0;0;0;0;1;0;0;0;0;0;0;0;0;1;0;1;1;1;0;0;1;0;0;0;0;0;1;0;0;0;0;1;1;0;1
164;0;1;0;0;0;0;1;0;0;0;1;0;0;0;0;0;0;0;0;1;0;0;0;1;0;0;0;0;Apto. Parque Da Jaqueira Home;0;0;0;0;0;0;0;0;0;0;0;0;0;1;0;0;0;0;1;1;;;;;;;;;;;0;0;0;0;0;0;0;0;0;0;0;1;0;0;0;0;0;0;0;0;0;0;0;0;0;0;0;0;1;1;0;0;1;1;0;0;0;0;0;1;0;0;0;0;1;0;0;1;0;0;0;0;0;0;0;0;0;0;0;1;0;0;0;0;0;0;0;0;0;0;0;0;0;0;0;0;1;1;0;0;1;1;0;0;0;0;0;1;0;0;0;0;1;0;0;1;0;0;0;0;0;0;0;0;0;0;0;1;0;0;0;0;0;0;0;0;0;0;0;0;0;0;0;0;1;1;0;0;1;1;0;0;0;0;0;1;0;0;0;0;1;0;0;1;0;0;0;0;0;0;0;0;0;0;0;1;0;0;0;0;0;0;0;0;0;0;0;0;0;0;0;0;1;1;0;0;1;1;0;0;0;0;0;1;0;0;0;0;1;0;0;1
165;1;0;0;0;1;0;1;0;1;0;0;1;0;0;0;0;1;1;0;0;0;0;0;0;1;1;1;0;Lg Inn;0;0;1;1;1;1;1;1;0;1;0;0;1;1;1;1;1;1;0;0;;;;;;;;;;;1;0;0;0;1;0;1;0;0;0;1;0;0;1;1;0;0;1;1;1;1;1;0;1;0;0;1;1;0;0;1;0;1;0;0;1;0;0;0;0;1;0;1;1;1;1;1;0;1;0;0;0;1;0;1;0;0;0;1;0;0;1;1;0;0;1;1;1;1;1;0;1;0;0;1;1;0;0;1;0;1;0;0;1;0;0;0;0;1;0;1;1;1;1;1;0;1;0;0;0;1;0;1;0;0;0;1;0;0;1;1;0;0;1;1;1;1;1;0;1;0;0;1;1;0;0;1;0;1;0;0;1;0;0;0;0;1;0;1;1;1;1;1;0;1;0;0;0;1;0;1;0;0;0;1;0;0;1;1;0;0;1;1;1;1;1;0;1;0;0;1;1;0;0;1;0;1;0;0;1;0;0;0;0;1;0;1;1;1;1;1;0
166;0;1;0;0;0;0;1;0;0;0;0;0;0;0;0;0;0;0;0;1;0;0;0;1;0;0;0;0;Pousada Asa Branca;0;0;0;0;0;0;0;0;0;0;0;0;0;1;0;0;0;0;1;1;;;;;;;;;;;0;0;0;0;0;0;0;0;0;0;0;1;0;0;0;0;0;0;0;0;0;0;0;0;0;0;0;0;1;1;0;0;1;0;0;0;0;0;0;1;0;0;0;0;1;0;0;1;0;0;0;0;0;0;0;0;0;0;0;1;0;0;0;0;0;0;0;0;0;0;0;0;0;0;0;0;1;1;0;0;1;0;0;0;0;0;0;1;0;0;0;0;1;0;0;1;0;0;0;0;0;0;0;0;0;0;0;1;0;0;0;0;0;0;0;0;0;0;0;0;0;0;0;0;1;1;0;0;1;0;0;0;0;0;0;1;0;0;0;0;1;0;0;1;0;0;0;0;0;0;0;0;0;0;0;1;0;0;0;0;0;0;0;0;0;0;0;0;0;0;0;0;1;1;0;0;1;0;0;0;0;0;0;1;0;0;0;0;1;0;0;1
167;0;0;0;0;0;0;1;0;0;0;0;0;0;0;0;0;0;0;0;1;0;0;0;0;0;0;0;0;Apartamento No Edificio Place Vendome;0;0;0;0;0;0;0;0;0;0;0;0;0;0;0;0;0;0;0;0;;;;;;;;;;;0;0;0;0;0;0;0;0;0;0;0;1;0;0;0;0;0;0;0;0;0;0;0;0;0;0;0;0;0;0;0;0;1;0;0;0;0;0;0;0;0;0;0;0;0;0;0;0;0;0;0;0;0;0;0;0;0;0;0;1;0;0;0;0;0;0;0;0;0;0;0;0;0;0;0;0;0;0;0;0;1;0;0;0;0;0;0;0;0;0;0;0;0;0;0;0;0;0;0;0;0;0;0;0;0;0;0;1;0;0;0;0;0;0;0;0;0;0;0;0;0;0;0;0;0;0;0;0;1;0;0;0;0;0;0;0;0;0;0;0;0;0;0;0;0;0;0;0;0;0;0;0;0;0;0;1;0;0;0;0;0;0;0;0;0;0;0;0;0;0;0;0;0;0;0;0;1;0;0;0;0;0;0;0;0;0;0;0;0;0;0;0
168;0;0;0;0;1;0;1;0;0;0;0;0;1;0;0;0;0;0;0;1;1;1;1;0;0;0;0;1;Dos Prazeres - Adult Only;0;0;1;0;1;0;0;0;1;0;0;0;1;1;0;1;0;1;0;0;;;;;;;;;;;0;0;0;0;0;0;0;1;0;0;0;1;1;0;0;0;0;1;0;1;0;0;1;0;0;0;1;0;0;0;1;0;1;0;0;0;0;1;1;0;0;1;0;0;1;1;1;0;0;0;0;0;0;0;0;1;0;0;0;1;1;0;0;0;0;1;0;1;0;0;1;0;0;0;1;0;0;0;1;0;1;0;0;0;0;1;1;0;0;1;0;0;1;1;1;0;0;0;0;0;0;0;0;1;0;0;0;1;1;0;0;0;0;1;0;1;0;0;1;0;0;0;1;0;0;0;1;0;1;0;0;0;0;1;1;0;0;1;0;0;1;1;1;0;0;0;0;0;0;0;0;1;0;0;0;1;1;0;0;0;0;1;0;1;0;0;1;0;0;0;1;0;0;0;1;0;1;0;0;0;0;1;1;0;0;1;0;0;1;1;1;0
169;0;1;0;0;1;1;0;0;0;0;0;0;1;0;0;0;0;0;0;1;0;0;0;1;0;0;0;0;Henrique Dias;0;0;0;0;1;0;0;0;0;1;0;0;0;0;0;1;0;0;0;0;;;;;;;;;;;0;0;0;0;0;0;0;1;0;0;0;1;0;0;0;0;0;0;0;1;0;0;0;1;0;0;1;0;0;1;1;1;0;0;0;0;0;0;0;1;0;0;0;0;0;0;0;0;0;0;0;0;0;0;0;1;0;0;0;1;0;0;0;0;0;0;0;1;0;0;0;1;0;0;1;0;0;1;1;1;0;0;0;0;0;0;0;1;0;0;0;0;0;0;0;0;0;0;0;0;0;0;0;1;0;0;0;1;0;0;0;0;0;0;0;1;0;0;0;1;0;0;1;0;0;1;1;1;0;0;0;0;0;0;0;1;0;0;0;0;0;0;0;0;0;0;0;0;0;0;0;1;0;0;0;1;0;0;0;0;0;0;0;1;0;0;0;1;0;0;1;0;0;1;1;1;0;0;0;0;0;0;0;1;0;0;0;0;0;0;0;0
170;0;0;0;0;1;0;0;0;0;0;0;0;0;0;0;0;0;0;0;0;0;0;0;0;0;0;0;0;Praia Sul (Adults Only);0;0;0;0;0;1;0;0;0;0;0;0;0;1;1;0;0;0;0;0;;;;;;;;;;;0;0;0;0;0;0;0;0;0;0;0;0;0;0;0;0;0;0;0;0;1;0;0;0;0;0;0;0;0;0;1;0;0;0;0;0;0;0;0;0;0;0;0;1;1;0;0;0;0;0;0;0;0;0;0;0;0;0;0;0;0;0;0;0;0;0;0;0;1;0;0;0;0;0;0;0;0;0;1;0;0;0;0;0;0;0;0;0;0;0;0;1;1;0;0;0;0;0;0;0;0;0;0;0;0;0;0;0;0;0;0;0;0;0;0;0;1;0;0;0;0;0;0;0;0;0;1;0;0;0;0;0;0;0;0;0;0;0;0;1;1;0;0;0;0;0;0;0;0;0;0;0;0;0;0;0;0;0;0;0;0;0;0;0;1;0;0;0;0;0;0;0;0;0;1;0;0;0;0;0;0;0;0;0;0;0;0;1;1;0;0;0
